Indicador,Territorio,TipoTerritorio,Ano,Valor,Unidade,Dimensao,Dominio,Tema,Categoria,Fonte,FonteURL
Superfície Km2,Alto Minho,NUTS III,2025,2218.84,km²,Superfície do território,Contexto Geográfico,,Superfície,INE,https://www.ine.pt/xportal/xmain?xpid=INE&xpgid=ine_indicadores&indOcorrCod=0011866&contexto=bd&selTab=tab2
Superfície Km2,Arcos de Valdevez,Município,2025,447.6,km²,Superfície do território,Contexto Geográfico,,Superfície,INE,https://www.ine.pt/xportal/xmain?xpid=INE&xpgid=ine_indicadores&indOcorrCod=0011866&contexto=bd&selTab=tab2
Superfície Km2,Caminha,Município,2025,136.52,km²,Superfície do território,Contexto Geográfico,,Superfície,INE,https://www.ine.pt/xportal/xmain?xpid=INE&xpgid=ine_indicadores&indOcorrCod=0011866&contexto=bd&selTab=tab2
Superfície Km2,Melgaço,Município,2025,238.25,km²,Superfície do território,Contexto Geográfico,,Superfície,INE,https://www.ine.pt/xportal/xmain?xpid=INE&xpgid=ine_indicadores&indOcorrCod=0011866&contexto=bd&selTab=tab2
Superfície Km2,Monção,Município,2025,211.31,km²,Superfície do território,Contexto Geográfico,,Superfície,INE,https://www.ine.pt/xportal/xmain?xpid=INE&xpgid=ine_indicadores&indOcorrCod=0011866&contexto=bd&selTab=tab2
Superfície Km2,Paredes de Coura,Município,2025,138.19,km²,Superfície do território,Contexto Geográfico,,Superfície,INE,https://www.ine.pt/xportal/xmain?xpid=INE&xpgid=ine_indicadores&indOcorrCod=0011866&contexto=bd&selTab=tab2
Superfície Km2,Ponte da Barca,Município,2025,182.11,km²,Superfície do território,Contexto Geográfico,,Superfície,INE,https://www.ine.pt/xportal/xmain?xpid=INE&xpgid=ine_indicadores&indOcorrCod=0011866&contexto=bd&selTab=tab2
Superfície Km2,Ponte de Lima,Município,2025,320.25,km²,Superfície do território,Contexto Geográfico,,Superfície,INE,https://www.ine.pt/xportal/xmain?xpid=INE&xpgid=ine_indicadores&indOcorrCod=0011866&contexto=bd&selTab=tab2
Superfície Km2,Valença,Município,2025,117.13,km²,Superfície do território,Contexto Geográfico,,Superfície,INE,https://www.ine.pt/xportal/xmain?xpid=INE&xpgid=ine_indicadores&indOcorrCod=0011866&contexto=bd&selTab=tab2
Superfície Km2,Viana do Castelo,Município,2025,319.02,km²,Superfície do território,Contexto Geográfico,,Superfície,INE,https://www.ine.pt/xportal/xmain?xpid=INE&xpgid=ine_indicadores&indOcorrCod=0011866&contexto=bd&selTab=tab2
Superfície Km2,Vila Nova de Cerveira,Município,2025,108.47,km²,Superfície do território,Contexto Geográfico,,Superfície,INE,https://www.ine.pt/xportal/xmain?xpid=INE&xpgid=ine_indicadores&indOcorrCod=0011866&contexto=bd&selTab=tab2
Índice de envelhecimento,Alto Minho,NUTS III,2025,245.3,índice,Pessoas com 65+ anos por 100 jovens,Demografia,Estrutura etária,Envelhecimento,Pordata,https://www.pordata.pt/municipios/indice+de+envelhecimento-458
Índice de envelhecimento,Arcos de Valdevez,Município,2025,352.1,índice,Pessoas com 65+ anos por 100 jovens,Demografia,Estrutura etária,Envelhecimento,Pordata,https://www.pordata.pt/municipios/indice+de+envelhecimento-458
Índice de envelhecimento,Caminha,Município,2025,273,índice,Pessoas com 65+ anos por 100 jovens,Demografia,Estrutura etária,Envelhecimento,Pordata,https://www.pordata.pt/municipios/indice+de+envelhecimento-458
Índice de envelhecimento,Melgaço,Município,2025,500.5,índice,Pessoas com 65+ anos por 100 jovens,Demografia,Estrutura etária,Envelhecimento,Pordata,https://www.pordata.pt/municipios/indice+de+envelhecimento-458
Índice de envelhecimento,Monção,Município,2025,299,índice,Pessoas com 65+ anos por 100 jovens,Demografia,Estrutura etária,Envelhecimento,Pordata,https://www.pordata.pt/municipios/indice+de+envelhecimento-458
Índice de envelhecimento,Paredes de Coura,Município,2025,301.6,índice,Pessoas com 65+ anos por 100 jovens,Demografia,Estrutura etária,Envelhecimento,Pordata,https://www.pordata.pt/municipios/indice+de+envelhecimento-458
Índice de envelhecimento,Ponte da Barca,Município,2025,282,índice,Pessoas com 65+ anos por 100 jovens,Demografia,Estrutura etária,Envelhecimento,Pordata,https://www.pordata.pt/municipios/indice+de+envelhecimento-458
Índice de envelhecimento,Ponte de Lima,Município,2025,207.4,índice,Pessoas com 65+ anos por 100 jovens,Demografia,Estrutura etária,Envelhecimento,Pordata,https://www.pordata.pt/municipios/indice+de+envelhecimento-458
Índice de envelhecimento,Valença,Município,2025,197.1,índice,Pessoas com 65+ anos por 100 jovens,Demografia,Estrutura etária,Envelhecimento,Pordata,https://www.pordata.pt/municipios/indice+de+envelhecimento-458
Índice de envelhecimento,Viana do Castelo,Município,2025,217,índice,Pessoas com 65+ anos por 100 jovens,Demografia,Estrutura etária,Envelhecimento,Pordata,https://www.pordata.pt/municipios/indice+de+envelhecimento-458
Índice de envelhecimento,Vila Nova de Cerveira,Município,2025,229.9,índice,Pessoas com 65+ anos por 100 jovens,Demografia,Estrutura etária,Envelhecimento,Pordata,https://www.pordata.pt/municipios/indice+de+envelhecimento-458
Saldo Natural,Alto Minho,NUTS III,2025,-1653,pessoas,Saldo natural anual,Demografia,Estrutura etária,Envelhecimento/Natalidade,Pordata,https://www.pordata.pt/municipios/saldos+populacionais+anuais+saldo+total++sado+natural+e+saldo+migratorio-376
Saldo Natural,Arcos de Valdevez,Município,2025,-235,pessoas,Saldo natural anual,Demografia,Estrutura etária,Envelhecimento/Natalidade,Pordata,https://www.pordata.pt/municipios/saldos+populacionais+anuais+saldo+total++sado+natural+e+saldo+migratorio-376
Saldo Natural,Caminha,Município,2025,-110,pessoas,Saldo natural anual,Demografia,Estrutura etária,Envelhecimento/Natalidade,Pordata,https://www.pordata.pt/municipios/saldos+populacionais+anuais+saldo+total++sado+natural+e+saldo+migratorio-376
Saldo Natural,Melgaço,Município,2025,-173,pessoas,Saldo natural anual,Demografia,Estrutura etária,Envelhecimento/Natalidade,Pordata,https://www.pordata.pt/municipios/saldos+populacionais+anuais+saldo+total++sado+natural+e+saldo+migratorio-376
Saldo Natural,Monção,Município,2025,-202,pessoas,Saldo natural anual,Demografia,Estrutura etária,Envelhecimento/Natalidade,Pordata,https://www.pordata.pt/municipios/saldos+populacionais+anuais+saldo+total++sado+natural+e+saldo+migratorio-376
Saldo Natural,Paredes de Coura,Município,2025,-95,pessoas,Saldo natural anual,Demografia,Estrutura etária,Envelhecimento/Natalidade,Pordata,https://www.pordata.pt/municipios/saldos+populacionais+anuais+saldo+total++sado+natural+e+saldo+migratorio-376
Saldo Natural,Ponte da Barca,Município,2025,-94,pessoas,Saldo natural anual,Demografia,Estrutura etária,Envelhecimento/Natalidade,Pordata,https://www.pordata.pt/municipios/saldos+populacionais+anuais+saldo+total++sado+natural+e+saldo+migratorio-376
Saldo Natural,Ponte de Lima,Município,2025,-230,pessoas,Saldo natural anual,Demografia,Estrutura etária,Envelhecimento/Natalidade,Pordata,https://www.pordata.pt/municipios/saldos+populacionais+anuais+saldo+total++sado+natural+e+saldo+migratorio-376
Saldo Natural,Valença,Município,2025,-82,pessoas,Saldo natural anual,Demografia,Estrutura etária,Envelhecimento/Natalidade,Pordata,https://www.pordata.pt/municipios/saldos+populacionais+anuais+saldo+total++sado+natural+e+saldo+migratorio-376
Saldo Natural,Viana do Castelo,Município,2025,-391,pessoas,Saldo natural anual,Demografia,Estrutura etária,Envelhecimento/Natalidade,Pordata,https://www.pordata.pt/municipios/saldos+populacionais+anuais+saldo+total++sado+natural+e+saldo+migratorio-376
Saldo Natural,Vila Nova de Cerveira,Município,2025,-41,pessoas,Saldo natural anual,Demografia,Estrutura etária,Envelhecimento/Natalidade,Pordata,https://www.pordata.pt/municipios/saldos+populacionais+anuais+saldo+total++sado+natural+e+saldo+migratorio-376
Densidade populacional,Alto Minho,NUTS III,2025,110.1,hab./km²,Habitantes por km²,Demografia,Dinâmica populacional,Distribuição da população,Pordata,https://www.pordata.pt/municipios/densidade+populacional-452
Densidade populacional,Arcos de Valdevez,Município,2025,45.7,hab./km²,Habitantes por km²,Demografia,Dinâmica populacional,Distribuição da população,Pordata,https://www.pordata.pt/municipios/densidade+populacional-452
Densidade populacional,Caminha,Município,2025,125.8,hab./km²,Habitantes por km²,Demografia,Dinâmica populacional,Distribuição da população,Pordata,https://www.pordata.pt/municipios/densidade+populacional-452
Densidade populacional,Melgaço,Município,2025,29.8,hab./km²,Habitantes por km²,Demografia,Dinâmica populacional,Distribuição da população,Pordata,https://www.pordata.pt/municipios/densidade+populacional-452
Densidade populacional,Monção,Município,2025,86.3,hab./km²,Habitantes por km²,Demografia,Dinâmica populacional,Distribuição da população,Pordata,https://www.pordata.pt/municipios/densidade+populacional-452
Densidade populacional,Paredes de Coura,Município,2025,63.1,hab./km²,Habitantes por km²,Demografia,Dinâmica populacional,Distribuição da população,Pordata,https://www.pordata.pt/municipios/densidade+populacional-452
Densidade populacional,Ponte da Barca,Município,2025,61,hab./km²,Habitantes por km²,Demografia,Dinâmica populacional,Distribuição da população,Pordata,https://www.pordata.pt/municipios/densidade+populacional-452
Densidade populacional,Ponte de Lima,Município,2025,134.1,hab./km²,Habitantes por km²,Demografia,Dinâmica populacional,Distribuição da população,Pordata,https://www.pordata.pt/municipios/densidade+populacional-452
Densidade populacional,Valença,Município,2025,134,hab./km²,Habitantes por km²,Demografia,Dinâmica populacional,Distribuição da população,Pordata,https://www.pordata.pt/municipios/densidade+populacional-452
Densidade populacional,Viana do Castelo,Município,2025,291.1,hab./km²,Habitantes por km²,Demografia,Dinâmica populacional,Distribuição da população,Pordata,https://www.pordata.pt/municipios/densidade+populacional-452
Densidade populacional,Vila Nova de Cerveira,Município,2025,92.7,hab./km²,Habitantes por km²,Demografia,Dinâmica populacional,Distribuição da população,Pordata,https://www.pordata.pt/municipios/densidade+populacional-452
População residente: total 2015 a 2025,Alto Minho,NUTS III,2025,244098,pessoas,Total,Demografia,Dinâmica populacional,Distribuição da população,Pordata,https://www.pordata.pt/municipios/populacao+residente+total-359
População residente: total 2015 a 2025,Arcos de Valdevez,Município,2025,20446,pessoas,Total,Demografia,Dinâmica populacional,Distribuição da população,Pordata,https://www.pordata.pt/municipios/populacao+residente+total-359
População residente: total 2015 a 2025,Caminha,Município,2025,17143,pessoas,Total,Demografia,Dinâmica populacional,Distribuição da população,Pordata,https://www.pordata.pt/municipios/populacao+residente+total-359
População residente: total 2015 a 2025,Melgaço,Município,2025,7139,pessoas,Total,Demografia,Dinâmica populacional,Distribuição da população,Pordata,https://www.pordata.pt/municipios/populacao+residente+total-359
População residente: total 2015 a 2025,Monção,Município,2025,18276,pessoas,Total,Demografia,Dinâmica populacional,Distribuição da população,Pordata,https://www.pordata.pt/municipios/populacao+residente+total-359
População residente: total 2015 a 2025,Paredes de Coura,Município,2025,8723,pessoas,Total,Demografia,Dinâmica populacional,Distribuição da população,Pordata,https://www.pordata.pt/municipios/populacao+residente+total-359
População residente: total 2015 a 2025,Ponte da Barca,Município,2025,11119,pessoas,Total,Demografia,Dinâmica populacional,Distribuição da população,Pordata,https://www.pordata.pt/municipios/populacao+residente+total-359
População residente: total 2015 a 2025,Ponte de Lima,Município,2025,42761,pessoas,Total,Demografia,Dinâmica populacional,Distribuição da população,Pordata,https://www.pordata.pt/municipios/populacao+residente+total-359
População residente: total 2015 a 2025,Valença,Município,2025,15705,pessoas,Total,Demografia,Dinâmica populacional,Distribuição da população,Pordata,https://www.pordata.pt/municipios/populacao+residente+total-359
População residente: total 2015 a 2025,Viana do Castelo,Município,2025,92712,pessoas,Total,Demografia,Dinâmica populacional,Distribuição da população,Pordata,https://www.pordata.pt/municipios/populacao+residente+total-359
População residente: total 2015 a 2025,Vila Nova de Cerveira,Município,2025,10077,pessoas,Total,Demografia,Dinâmica populacional,Distribuição da população,Pordata,https://www.pordata.pt/municipios/populacao+residente+total-359
População residente total e por sexo,Alto Minho,NUTS III,2025,244098,pessoas,Ambos os sexos,Demografia,Dinâmica populacional,Estrutura da População,Pordata,https://www.pordata.pt/municipios/populacao+residente+total+e+por+sexo-357
População residente total e por sexo,Arcos de Valdevez,Município,2025,20446,pessoas,Ambos os sexos,Demografia,Dinâmica populacional,Estrutura da População,Pordata,https://www.pordata.pt/municipios/populacao+residente+total+e+por+sexo-357
População residente total e por sexo,Caminha,Município,2025,17143,pessoas,Ambos os sexos,Demografia,Dinâmica populacional,Estrutura da População,Pordata,https://www.pordata.pt/municipios/populacao+residente+total+e+por+sexo-357
População residente total e por sexo,Melgaço,Município,2025,7139,pessoas,Ambos os sexos,Demografia,Dinâmica populacional,Estrutura da População,Pordata,https://www.pordata.pt/municipios/populacao+residente+total+e+por+sexo-357
População residente total e por sexo,Monção,Município,2025,18276,pessoas,Ambos os sexos,Demografia,Dinâmica populacional,Estrutura da População,Pordata,https://www.pordata.pt/municipios/populacao+residente+total+e+por+sexo-357
População residente total e por sexo,Paredes de Coura,Município,2025,8723,pessoas,Ambos os sexos,Demografia,Dinâmica populacional,Estrutura da População,Pordata,https://www.pordata.pt/municipios/populacao+residente+total+e+por+sexo-357
População residente total e por sexo,Ponte da Barca,Município,2025,11119,pessoas,Ambos os sexos,Demografia,Dinâmica populacional,Estrutura da População,Pordata,https://www.pordata.pt/municipios/populacao+residente+total+e+por+sexo-357
População residente total e por sexo,Ponte de Lima,Município,2025,42761,pessoas,Ambos os sexos,Demografia,Dinâmica populacional,Estrutura da População,Pordata,https://www.pordata.pt/municipios/populacao+residente+total+e+por+sexo-357
População residente total e por sexo,Valença,Município,2025,15705,pessoas,Ambos os sexos,Demografia,Dinâmica populacional,Estrutura da População,Pordata,https://www.pordata.pt/municipios/populacao+residente+total+e+por+sexo-357
População residente total e por sexo,Viana do Castelo,Município,2025,92712,pessoas,Ambos os sexos,Demografia,Dinâmica populacional,Estrutura da População,Pordata,https://www.pordata.pt/municipios/populacao+residente+total+e+por+sexo-357
População residente total e por sexo,Vila Nova de Cerveira,Município,2025,10077,pessoas,Ambos os sexos,Demografia,Dinâmica populacional,Estrutura da População,Pordata,https://www.pordata.pt/municipios/populacao+residente+total+e+por+sexo-357
População residente por freguesias censos 2021,Alto Minho,NUTS III,2021,230770,pessoas,Total municipal,Demografia,Dinâmica populacional,Estrutura da População,INE / Censos,https://censos.ine.pt/xportal/xmain?xpgid=censos21_populacao&xpid=CENSOS21
População residente por freguesias censos 2021,Arcos de Valdevez,Município,2021,19879,pessoas,Total municipal,Demografia,Dinâmica populacional,Estrutura da População,INE / Censos,https://censos.ine.pt/xportal/xmain?xpgid=censos21_populacao&xpid=CENSOS21
População residente por freguesias censos 2021,Caminha,Município,2021,16172,pessoas,Total municipal,Demografia,Dinâmica populacional,Estrutura da População,INE / Censos,https://censos.ine.pt/xportal/xmain?xpgid=censos21_populacao&xpid=CENSOS21
População residente por freguesias censos 2021,Melgaço,Município,2021,7287,pessoas,Total municipal,Demografia,Dinâmica populacional,Estrutura da População,INE / Censos,https://censos.ine.pt/xportal/xmain?xpgid=censos21_populacao&xpid=CENSOS21
População residente por freguesias censos 2021,Monção,Município,2021,17324,pessoas,Total municipal,Demografia,Dinâmica populacional,Estrutura da População,INE / Censos,https://censos.ine.pt/xportal/xmain?xpgid=censos21_populacao&xpid=CENSOS21
População residente por freguesias censos 2021,Paredes de Coura,Município,2021,8531,pessoas,Total municipal,Demografia,Dinâmica populacional,Estrutura da População,INE / Censos,https://censos.ine.pt/xportal/xmain?xpgid=censos21_populacao&xpid=CENSOS21
População residente por freguesias censos 2021,Ponte da Barca,Município,2021,10892,pessoas,Total municipal,Demografia,Dinâmica populacional,Estrutura da População,INE / Censos,https://censos.ine.pt/xportal/xmain?xpgid=censos21_populacao&xpid=CENSOS21
População residente por freguesias censos 2021,Ponte de Lima,Município,2021,40906,pessoas,Total municipal,Demografia,Dinâmica populacional,Estrutura da População,INE / Censos,https://censos.ine.pt/xportal/xmain?xpgid=censos21_populacao&xpid=CENSOS21
População residente por freguesias censos 2021,Valença,Município,2021,13788,pessoas,Total municipal,Demografia,Dinâmica populacional,Estrutura da População,INE / Censos,https://censos.ine.pt/xportal/xmain?xpgid=censos21_populacao&xpid=CENSOS21
População residente por freguesias censos 2021,Viana do Castelo,Município,2021,86869,pessoas,Total municipal,Demografia,Dinâmica populacional,Estrutura da População,INE / Censos,https://censos.ine.pt/xportal/xmain?xpgid=censos21_populacao&xpid=CENSOS21
População residente por freguesias censos 2021,Vila Nova de Cerveira,Município,2021,9122,pessoas,Total municipal,Demografia,Dinâmica populacional,Estrutura da População,INE / Censos,https://censos.ine.pt/xportal/xmain?xpgid=censos21_populacao&xpid=CENSOS21
População residente por grandes grupos etários,Alto Minho,NUTS III,2025,244099,pessoas,Total,Demografia,Dinâmica populacional,Estrutura da População,Pordata,https://www.pordata.pt/municipios/populacao+residente+total+e+por+grandes+grupos+etarios-390
População residente por grandes grupos etários,Arcos de Valdevez,Município,2025,20446,pessoas,Total,Demografia,Dinâmica populacional,Estrutura da População,Pordata,https://www.pordata.pt/municipios/populacao+residente+total+e+por+grandes+grupos+etarios-390
População residente por grandes grupos etários,Caminha,Município,2025,17144,pessoas,Total,Demografia,Dinâmica populacional,Estrutura da População,Pordata,https://www.pordata.pt/municipios/populacao+residente+total+e+por+grandes+grupos+etarios-390
População residente por grandes grupos etários,Melgaço,Município,2025,7139,pessoas,Total,Demografia,Dinâmica populacional,Estrutura da População,Pordata,https://www.pordata.pt/municipios/populacao+residente+total+e+por+grandes+grupos+etarios-390
População residente por grandes grupos etários,Monção,Município,2025,18277,pessoas,Total,Demografia,Dinâmica populacional,Estrutura da População,Pordata,https://www.pordata.pt/municipios/populacao+residente+total+e+por+grandes+grupos+etarios-390
População residente por grandes grupos etários,Paredes de Coura,Município,2025,8724,pessoas,Total,Demografia,Dinâmica populacional,Estrutura da População,Pordata,https://www.pordata.pt/municipios/populacao+residente+total+e+por+grandes+grupos+etarios-390
População residente por grandes grupos etários,Ponte da Barca,Município,2025,11120,pessoas,Total,Demografia,Dinâmica populacional,Estrutura da População,Pordata,https://www.pordata.pt/municipios/populacao+residente+total+e+por+grandes+grupos+etarios-390
População residente por grandes grupos etários,Ponte de Lima,Município,2025,42761,pessoas,Total,Demografia,Dinâmica populacional,Estrutura da População,Pordata,https://www.pordata.pt/municipios/populacao+residente+total+e+por+grandes+grupos+etarios-390
População residente por grandes grupos etários,Valença,Município,2025,15705,pessoas,Total,Demografia,Dinâmica populacional,Estrutura da População,Pordata,https://www.pordata.pt/municipios/populacao+residente+total+e+por+grandes+grupos+etarios-390
População residente por grandes grupos etários,Viana do Castelo,Município,2025,92713,pessoas,Total,Demografia,Dinâmica populacional,Estrutura da População,Pordata,https://www.pordata.pt/municipios/populacao+residente+total+e+por+grandes+grupos+etarios-390
População residente por grandes grupos etários,Vila Nova de Cerveira,Município,2025,10077,pessoas,Total,Demografia,Dinâmica populacional,Estrutura da População,Pordata,https://www.pordata.pt/municipios/populacao+residente+total+e+por+grandes+grupos+etarios-390
Densidade Populacional (CIM e nos Concelhos),Alto Minho,NUTS III,2025,110.1,hab./km²,Habitantes por km²,Demografia,Dinâmica populacional,Estrutura da População,Pordata,https://www.pordata.pt/municipios/densidade+populacional-452
Densidade Populacional (CIM e nos Concelhos),Arcos de Valdevez,Município,2025,45.7,hab./km²,Habitantes por km²,Demografia,Dinâmica populacional,Estrutura da População,Pordata,https://www.pordata.pt/municipios/densidade+populacional-452
Densidade Populacional (CIM e nos Concelhos),Caminha,Município,2025,125.8,hab./km²,Habitantes por km²,Demografia,Dinâmica populacional,Estrutura da População,Pordata,https://www.pordata.pt/municipios/densidade+populacional-452
Densidade Populacional (CIM e nos Concelhos),Melgaço,Município,2025,29.8,hab./km²,Habitantes por km²,Demografia,Dinâmica populacional,Estrutura da População,Pordata,https://www.pordata.pt/municipios/densidade+populacional-452
Densidade Populacional (CIM e nos Concelhos),Monção,Município,2025,86.3,hab./km²,Habitantes por km²,Demografia,Dinâmica populacional,Estrutura da População,Pordata,https://www.pordata.pt/municipios/densidade+populacional-452
Densidade Populacional (CIM e nos Concelhos),Paredes de Coura,Município,2025,63.1,hab./km²,Habitantes por km²,Demografia,Dinâmica populacional,Estrutura da População,Pordata,https://www.pordata.pt/municipios/densidade+populacional-452
Densidade Populacional (CIM e nos Concelhos),Ponte da Barca,Município,2025,61,hab./km²,Habitantes por km²,Demografia,Dinâmica populacional,Estrutura da População,Pordata,https://www.pordata.pt/municipios/densidade+populacional-452
Densidade Populacional (CIM e nos Concelhos),Ponte de Lima,Município,2025,134.1,hab./km²,Habitantes por km²,Demografia,Dinâmica populacional,Estrutura da População,Pordata,https://www.pordata.pt/municipios/densidade+populacional-452
Densidade Populacional (CIM e nos Concelhos),Valença,Município,2025,134,hab./km²,Habitantes por km²,Demografia,Dinâmica populacional,Estrutura da População,Pordata,https://www.pordata.pt/municipios/densidade+populacional-452
Densidade Populacional (CIM e nos Concelhos),Viana do Castelo,Município,2025,291.1,hab./km²,Habitantes por km²,Demografia,Dinâmica populacional,Estrutura da População,Pordata,https://www.pordata.pt/municipios/densidade+populacional-452
Densidade Populacional (CIM e nos Concelhos),Vila Nova de Cerveira,Município,2025,92.7,hab./km²,Habitantes por km²,Demografia,Dinâmica populacional,Estrutura da População,Pordata,https://www.pordata.pt/municipios/densidade+populacional-452
Índice de dependência idosos,Alto Minho,NUTS III,2025,46.2,índice,Pessoas idosas por 100 pessoas em idade ativa,Demografia,Dinâmica populacional,Estrutura da População,Pordata,https://www.pordata.pt/municipios/indice+de+dependencia+de+idosos-461
Índice de dependência idosos,Arcos de Valdevez,Município,2025,64.6,índice,Pessoas idosas por 100 pessoas em idade ativa,Demografia,Dinâmica populacional,Estrutura da População,Pordata,https://www.pordata.pt/municipios/indice+de+dependencia+de+idosos-461
Índice de dependência idosos,Caminha,Município,2025,50.7,índice,Pessoas idosas por 100 pessoas em idade ativa,Demografia,Dinâmica populacional,Estrutura da População,Pordata,https://www.pordata.pt/municipios/indice+de+dependencia+de+idosos-461
Índice de dependência idosos,Melgaço,Município,2025,81.4,índice,Pessoas idosas por 100 pessoas em idade ativa,Demografia,Dinâmica populacional,Estrutura da População,Pordata,https://www.pordata.pt/municipios/indice+de+dependencia+de+idosos-461
Índice de dependência idosos,Monção,Município,2025,56.5,índice,Pessoas idosas por 100 pessoas em idade ativa,Demografia,Dinâmica populacional,Estrutura da População,Pordata,https://www.pordata.pt/municipios/indice+de+dependencia+de+idosos-461
Índice de dependência idosos,Paredes de Coura,Município,2025,51.9,índice,Pessoas idosas por 100 pessoas em idade ativa,Demografia,Dinâmica populacional,Estrutura da População,Pordata,https://www.pordata.pt/municipios/indice+de+dependencia+de+idosos-461
Índice de dependência idosos,Ponte da Barca,Município,2025,52.5,índice,Pessoas idosas por 100 pessoas em idade ativa,Demografia,Dinâmica populacional,Estrutura da População,Pordata,https://www.pordata.pt/municipios/indice+de+dependencia+de+idosos-461
Índice de dependência idosos,Ponte de Lima,Município,2025,39.2,índice,Pessoas idosas por 100 pessoas em idade ativa,Demografia,Dinâmica populacional,Estrutura da População,Pordata,https://www.pordata.pt/municipios/indice+de+dependencia+de+idosos-461
Índice de dependência idosos,Valença,Município,2025,38.4,índice,Pessoas idosas por 100 pessoas em idade ativa,Demografia,Dinâmica populacional,Estrutura da População,Pordata,https://www.pordata.pt/municipios/indice+de+dependencia+de+idosos-461
Índice de dependência idosos,Viana do Castelo,Município,2025,41.8,índice,Pessoas idosas por 100 pessoas em idade ativa,Demografia,Dinâmica populacional,Estrutura da População,Pordata,https://www.pordata.pt/municipios/indice+de+dependencia+de+idosos-461
Índice de dependência idosos,Vila Nova de Cerveira,Município,2025,40.3,índice,Pessoas idosas por 100 pessoas em idade ativa,Demografia,Dinâmica populacional,Estrutura da População,Pordata,https://www.pordata.pt/municipios/indice+de+dependencia+de+idosos-461
Índice de dependência de jovens,Alto Minho,NUTS III,2025,18.8,índice,Jovens por 100 pessoas em idade ativa,Demografia,Dinâmica populacional,Estrutura da População,Pordata,https://www.pordata.pt/municipios/indice+de+dependencia+de+jovens-460
Índice de dependência de jovens,Arcos de Valdevez,Município,2025,18.3,índice,Jovens por 100 pessoas em idade ativa,Demografia,Dinâmica populacional,Estrutura da População,Pordata,https://www.pordata.pt/municipios/indice+de+dependencia+de+jovens-460
Índice de dependência de jovens,Caminha,Município,2025,18.6,índice,Jovens por 100 pessoas em idade ativa,Demografia,Dinâmica populacional,Estrutura da População,Pordata,https://www.pordata.pt/municipios/indice+de+dependencia+de+jovens-460
Índice de dependência de jovens,Melgaço,Município,2025,16.3,índice,Jovens por 100 pessoas em idade ativa,Demografia,Dinâmica populacional,Estrutura da População,Pordata,https://www.pordata.pt/municipios/indice+de+dependencia+de+jovens-460
Índice de dependência de jovens,Monção,Município,2025,18.9,índice,Jovens por 100 pessoas em idade ativa,Demografia,Dinâmica populacional,Estrutura da População,Pordata,https://www.pordata.pt/municipios/indice+de+dependencia+de+jovens-460
Índice de dependência de jovens,Paredes de Coura,Município,2025,17.2,índice,Jovens por 100 pessoas em idade ativa,Demografia,Dinâmica populacional,Estrutura da População,Pordata,https://www.pordata.pt/municipios/indice+de+dependencia+de+jovens-460
Índice de dependência de jovens,Ponte da Barca,Município,2025,18.6,índice,Jovens por 100 pessoas em idade ativa,Demografia,Dinâmica populacional,Estrutura da População,Pordata,https://www.pordata.pt/municipios/indice+de+dependencia+de+jovens-460
Índice de dependência de jovens,Ponte de Lima,Município,2025,18.9,índice,Jovens por 100 pessoas em idade ativa,Demografia,Dinâmica populacional,Estrutura da População,Pordata,https://www.pordata.pt/municipios/indice+de+dependencia+de+jovens-460
Índice de dependência de jovens,Valença,Município,2025,19.5,índice,Jovens por 100 pessoas em idade ativa,Demografia,Dinâmica populacional,Estrutura da População,Pordata,https://www.pordata.pt/municipios/indice+de+dependencia+de+jovens-460
Índice de dependência de jovens,Viana do Castelo,Município,2025,19.3,índice,Jovens por 100 pessoas em idade ativa,Demografia,Dinâmica populacional,Estrutura da População,Pordata,https://www.pordata.pt/municipios/indice+de+dependencia+de+jovens-460
Índice de dependência de jovens,Vila Nova de Cerveira,Município,2025,17.5,índice,Jovens por 100 pessoas em idade ativa,Demografia,Dinâmica populacional,Estrutura da População,Pordata,https://www.pordata.pt/municipios/indice+de+dependencia+de+jovens-460
Índice de Longividade,Alto Minho,NUTS III,2025,52.6,índice,População com 75+ anos por 100 pessoas com 65+ anos,Demografia,Dinâmica populacional,Estrutura da População,Pordata,https://www.pordata.pt/municipios/indice+de+longevidade-457
Índice de Longividade,Arcos de Valdevez,Município,2025,56.9,índice,População com 75+ anos por 100 pessoas com 65+ anos,Demografia,Dinâmica populacional,Estrutura da População,Pordata,https://www.pordata.pt/municipios/indice+de+longevidade-457
Índice de Longividade,Caminha,Município,2025,53.2,índice,População com 75+ anos por 100 pessoas com 65+ anos,Demografia,Dinâmica populacional,Estrutura da População,Pordata,https://www.pordata.pt/municipios/indice+de+longevidade-457
Índice de Longividade,Melgaço,Município,2025,57.7,índice,População com 75+ anos por 100 pessoas com 65+ anos,Demografia,Dinâmica populacional,Estrutura da População,Pordata,https://www.pordata.pt/municipios/indice+de+longevidade-457
Índice de Longividade,Monção,Município,2025,53.6,índice,População com 75+ anos por 100 pessoas com 65+ anos,Demografia,Dinâmica populacional,Estrutura da População,Pordata,https://www.pordata.pt/municipios/indice+de+longevidade-457
Índice de Longividade,Paredes de Coura,Município,2025,54.9,índice,População com 75+ anos por 100 pessoas com 65+ anos,Demografia,Dinâmica populacional,Estrutura da População,Pordata,https://www.pordata.pt/municipios/indice+de+longevidade-457
Índice de Longividade,Ponte da Barca,Município,2025,55.8,índice,População com 75+ anos por 100 pessoas com 65+ anos,Demografia,Dinâmica populacional,Estrutura da População,Pordata,https://www.pordata.pt/municipios/indice+de+longevidade-457
Índice de Longividade,Ponte de Lima,Município,2025,52.5,índice,População com 75+ anos por 100 pessoas com 65+ anos,Demografia,Dinâmica populacional,Estrutura da População,Pordata,https://www.pordata.pt/municipios/indice+de+longevidade-457
Índice de Longividade,Valença,Município,2025,53.1,índice,População com 75+ anos por 100 pessoas com 65+ anos,Demografia,Dinâmica populacional,Estrutura da População,Pordata,https://www.pordata.pt/municipios/indice+de+longevidade-457
Índice de Longividade,Viana do Castelo,Município,2025,49.5,índice,População com 75+ anos por 100 pessoas com 65+ anos,Demografia,Dinâmica populacional,Estrutura da População,Pordata,https://www.pordata.pt/municipios/indice+de+longevidade-457
Índice de Longividade,Vila Nova de Cerveira,Município,2025,53.3,índice,População com 75+ anos por 100 pessoas com 65+ anos,Demografia,Dinâmica populacional,Estrutura da População,Pordata,https://www.pordata.pt/municipios/indice+de+longevidade-457
Nº de índividuos em idade ativa por idoso,Alto Minho,NUTS III,2025,2.2,rácio,Pessoas em idade ativa por pessoa idosa,Demografia,Dinâmica populacional,Estrutura da População,Pordata,https://www.pordata.pt/municipios/numero+de+individuos+em+idade+ativa+por+idoso-462
Nº de índividuos em idade ativa por idoso,Arcos de Valdevez,Município,2025,1.5,rácio,Pessoas em idade ativa por pessoa idosa,Demografia,Dinâmica populacional,Estrutura da População,Pordata,https://www.pordata.pt/municipios/numero+de+individuos+em+idade+ativa+por+idoso-462
Nº de índividuos em idade ativa por idoso,Caminha,Município,2025,2,rácio,Pessoas em idade ativa por pessoa idosa,Demografia,Dinâmica populacional,Estrutura da População,Pordata,https://www.pordata.pt/municipios/numero+de+individuos+em+idade+ativa+por+idoso-462
Nº de índividuos em idade ativa por idoso,Melgaço,Município,2025,1.2,rácio,Pessoas em idade ativa por pessoa idosa,Demografia,Dinâmica populacional,Estrutura da População,Pordata,https://www.pordata.pt/municipios/numero+de+individuos+em+idade+ativa+por+idoso-462
Nº de índividuos em idade ativa por idoso,Monção,Município,2025,1.8,rácio,Pessoas em idade ativa por pessoa idosa,Demografia,Dinâmica populacional,Estrutura da População,Pordata,https://www.pordata.pt/municipios/numero+de+individuos+em+idade+ativa+por+idoso-462
Nº de índividuos em idade ativa por idoso,Paredes de Coura,Município,2025,1.9,rácio,Pessoas em idade ativa por pessoa idosa,Demografia,Dinâmica populacional,Estrutura da População,Pordata,https://www.pordata.pt/municipios/numero+de+individuos+em+idade+ativa+por+idoso-462
Nº de índividuos em idade ativa por idoso,Ponte da Barca,Município,2025,1.9,rácio,Pessoas em idade ativa por pessoa idosa,Demografia,Dinâmica populacional,Estrutura da População,Pordata,https://www.pordata.pt/municipios/numero+de+individuos+em+idade+ativa+por+idoso-462
Nº de índividuos em idade ativa por idoso,Ponte de Lima,Município,2025,2.6,rácio,Pessoas em idade ativa por pessoa idosa,Demografia,Dinâmica populacional,Estrutura da População,Pordata,https://www.pordata.pt/municipios/numero+de+individuos+em+idade+ativa+por+idoso-462
Nº de índividuos em idade ativa por idoso,Valença,Município,2025,2.6,rácio,Pessoas em idade ativa por pessoa idosa,Demografia,Dinâmica populacional,Estrutura da População,Pordata,https://www.pordata.pt/municipios/numero+de+individuos+em+idade+ativa+por+idoso-462
Nº de índividuos em idade ativa por idoso,Viana do Castelo,Município,2025,2.4,rácio,Pessoas em idade ativa por pessoa idosa,Demografia,Dinâmica populacional,Estrutura da População,Pordata,https://www.pordata.pt/municipios/numero+de+individuos+em+idade+ativa+por+idoso-462
Nº de índividuos em idade ativa por idoso,Vila Nova de Cerveira,Município,2025,2.5,rácio,Pessoas em idade ativa por pessoa idosa,Demografia,Dinâmica populacional,Estrutura da População,Pordata,https://www.pordata.pt/municipios/numero+de+individuos+em+idade+ativa+por+idoso-462
População residente do sexo feminino: total e por grupo etário,Alto Minho,NUTS III,2025,127534,pessoas,Mulheres — total,Demografia,Dinâmica populacional,Estrutura da População,Pordata,https://www.pordata.pt/municipios/populacao+residente+do+sexo+feminino+total+e+por+grupo+etario-453
População residente do sexo feminino: total e por grupo etário,Arcos de Valdevez,Município,2025,11058,pessoas,Mulheres — total,Demografia,Dinâmica populacional,Estrutura da População,Pordata,https://www.pordata.pt/municipios/populacao+residente+do+sexo+feminino+total+e+por+grupo+etario-453
População residente do sexo feminino: total e por grupo etário,Caminha,Município,2025,9038,pessoas,Mulheres — total,Demografia,Dinâmica populacional,Estrutura da População,Pordata,https://www.pordata.pt/municipios/populacao+residente+do+sexo+feminino+total+e+por+grupo+etario-453
População residente do sexo feminino: total e por grupo etário,Melgaço,Município,2025,3960,pessoas,Mulheres — total,Demografia,Dinâmica populacional,Estrutura da População,Pordata,https://www.pordata.pt/municipios/populacao+residente+do+sexo+feminino+total+e+por+grupo+etario-453
População residente do sexo feminino: total e por grupo etário,Monção,Município,2025,9718,pessoas,Mulheres — total,Demografia,Dinâmica populacional,Estrutura da População,Pordata,https://www.pordata.pt/municipios/populacao+residente+do+sexo+feminino+total+e+por+grupo+etario-453
População residente do sexo feminino: total e por grupo etário,Paredes de Coura,Município,2025,4521,pessoas,Mulheres — total,Demografia,Dinâmica populacional,Estrutura da População,Pordata,https://www.pordata.pt/municipios/populacao+residente+do+sexo+feminino+total+e+por+grupo+etario-453
População residente do sexo feminino: total e por grupo etário,Ponte da Barca,Município,2025,5908,pessoas,Mulheres — total,Demografia,Dinâmica populacional,Estrutura da População,Pordata,https://www.pordata.pt/municipios/populacao+residente+do+sexo+feminino+total+e+por+grupo+etario-453
População residente do sexo feminino: total e por grupo etário,Ponte de Lima,Município,2025,22279,pessoas,Mulheres — total,Demografia,Dinâmica populacional,Estrutura da População,Pordata,https://www.pordata.pt/municipios/populacao+residente+do+sexo+feminino+total+e+por+grupo+etario-453
População residente do sexo feminino: total e por grupo etário,Valença,Município,2025,7918,pessoas,Mulheres — total,Demografia,Dinâmica populacional,Estrutura da População,Pordata,https://www.pordata.pt/municipios/populacao+residente+do+sexo+feminino+total+e+por+grupo+etario-453
População residente do sexo feminino: total e por grupo etário,Viana do Castelo,Município,2025,48166,pessoas,Mulheres — total,Demografia,Dinâmica populacional,Estrutura da População,Pordata,https://www.pordata.pt/municipios/populacao+residente+do+sexo+feminino+total+e+por+grupo+etario-453
População residente do sexo feminino: total e por grupo etário,Vila Nova de Cerveira,Município,2025,4971,pessoas,Mulheres — total,Demografia,Dinâmica populacional,Estrutura da População,Pordata,https://www.pordata.pt/municipios/populacao+residente+do+sexo+feminino+total+e+por+grupo+etario-453
População residente do sexo masculino: total e por grupo etário,Alto Minho,NUTS III,2025,116564,pessoas,Homens — total,Demografia,Dinâmica populacional,Estrutura da População,Pordata,https://www.pordata.pt/municipios/populacao+residente+do+sexo+masculino+total+e+por+grupo+etario-464
População residente do sexo masculino: total e por grupo etário,Arcos de Valdevez,Município,2025,9388,pessoas,Homens — total,Demografia,Dinâmica populacional,Estrutura da População,Pordata,https://www.pordata.pt/municipios/populacao+residente+do+sexo+masculino+total+e+por+grupo+etario-464
População residente do sexo masculino: total e por grupo etário,Caminha,Município,2025,8106,pessoas,Homens — total,Demografia,Dinâmica populacional,Estrutura da População,Pordata,https://www.pordata.pt/municipios/populacao+residente+do+sexo+masculino+total+e+por+grupo+etario-464
População residente do sexo masculino: total e por grupo etário,Melgaço,Município,2025,3179,pessoas,Homens — total,Demografia,Dinâmica populacional,Estrutura da População,Pordata,https://www.pordata.pt/municipios/populacao+residente+do+sexo+masculino+total+e+por+grupo+etario-464
População residente do sexo masculino: total e por grupo etário,Monção,Município,2025,8558,pessoas,Homens — total,Demografia,Dinâmica populacional,Estrutura da População,Pordata,https://www.pordata.pt/municipios/populacao+residente+do+sexo+masculino+total+e+por+grupo+etario-464
População residente do sexo masculino: total e por grupo etário,Paredes de Coura,Município,2025,4202,pessoas,Homens — total,Demografia,Dinâmica populacional,Estrutura da População,Pordata,https://www.pordata.pt/municipios/populacao+residente+do+sexo+masculino+total+e+por+grupo+etario-464
População residente do sexo masculino: total e por grupo etário,Ponte da Barca,Município,2025,5211,pessoas,Homens — total,Demografia,Dinâmica populacional,Estrutura da População,Pordata,https://www.pordata.pt/municipios/populacao+residente+do+sexo+masculino+total+e+por+grupo+etario-464
População residente do sexo masculino: total e por grupo etário,Ponte de Lima,Município,2025,20482,pessoas,Homens — total,Demografia,Dinâmica populacional,Estrutura da População,Pordata,https://www.pordata.pt/municipios/populacao+residente+do+sexo+masculino+total+e+por+grupo+etario-464
População residente do sexo masculino: total e por grupo etário,Valença,Município,2025,7787,pessoas,Homens — total,Demografia,Dinâmica populacional,Estrutura da População,Pordata,https://www.pordata.pt/municipios/populacao+residente+do+sexo+masculino+total+e+por+grupo+etario-464
População residente do sexo masculino: total e por grupo etário,Viana do Castelo,Município,2025,44547,pessoas,Homens — total,Demografia,Dinâmica populacional,Estrutura da População,Pordata,https://www.pordata.pt/municipios/populacao+residente+do+sexo+masculino+total+e+por+grupo+etario-464
População residente do sexo masculino: total e por grupo etário,Vila Nova de Cerveira,Município,2025,5106,pessoas,Homens — total,Demografia,Dinâmica populacional,Estrutura da População,Pordata,https://www.pordata.pt/municipios/populacao+residente+do+sexo+masculino+total+e+por+grupo+etario-464
Obitos por algumas causas de morte (%),Alto Minho,NUTS III,2024,25.8,%,Doenças do aparelho circulatório,Demografia,Dinâmica populacional,Estrutura da População,Pordata,https://www.pordata.pt/municipios/obitos+por+algumas+causas+de+morte+(percentagem)-373
Obitos por algumas causas de morte (%),Arcos de Valdevez,Município,2024,25.8,%,Doenças do aparelho circulatório,Demografia,Dinâmica populacional,Estrutura da População,Pordata,https://www.pordata.pt/municipios/obitos+por+algumas+causas+de+morte+(percentagem)-373
Obitos por algumas causas de morte (%),Caminha,Município,2024,23.4,%,Doenças do aparelho circulatório,Demografia,Dinâmica populacional,Estrutura da População,Pordata,https://www.pordata.pt/municipios/obitos+por+algumas+causas+de+morte+(percentagem)-373
Obitos por algumas causas de morte (%),Melgaço,Município,2024,36.8,%,Doenças do aparelho circulatório,Demografia,Dinâmica populacional,Estrutura da População,Pordata,https://www.pordata.pt/municipios/obitos+por+algumas+causas+de+morte+(percentagem)-373
Obitos por algumas causas de morte (%),Monção,Município,2024,31.3,%,Doenças do aparelho circulatório,Demografia,Dinâmica populacional,Estrutura da População,Pordata,https://www.pordata.pt/municipios/obitos+por+algumas+causas+de+morte+(percentagem)-373
Obitos por algumas causas de morte (%),Paredes de Coura,Município,2024,23.3,%,Doenças do aparelho circulatório,Demografia,Dinâmica populacional,Estrutura da População,Pordata,https://www.pordata.pt/municipios/obitos+por+algumas+causas+de+morte+(percentagem)-373
Obitos por algumas causas de morte (%),Ponte da Barca,Município,2024,25.2,%,Doenças do aparelho circulatório,Demografia,Dinâmica populacional,Estrutura da População,Pordata,https://www.pordata.pt/municipios/obitos+por+algumas+causas+de+morte+(percentagem)-373
Obitos por algumas causas de morte (%),Ponte de Lima,Município,2024,25.8,%,Doenças do aparelho circulatório,Demografia,Dinâmica populacional,Estrutura da População,Pordata,https://www.pordata.pt/municipios/obitos+por+algumas+causas+de+morte+(percentagem)-373
Obitos por algumas causas de morte (%),Valença,Município,2024,31.3,%,Doenças do aparelho circulatório,Demografia,Dinâmica populacional,Estrutura da População,Pordata,https://www.pordata.pt/municipios/obitos+por+algumas+causas+de+morte+(percentagem)-373
Obitos por algumas causas de morte (%),Viana do Castelo,Município,2024,22.4,%,Doenças do aparelho circulatório,Demografia,Dinâmica populacional,Estrutura da População,Pordata,https://www.pordata.pt/municipios/obitos+por+algumas+causas+de+morte+(percentagem)-373
Obitos por algumas causas de morte (%),Vila Nova de Cerveira,Município,2024,21.6,%,Doenças do aparelho circulatório,Demografia,Dinâmica populacional,Estrutura da População,Pordata,https://www.pordata.pt/municipios/obitos+por+algumas+causas+de+morte+(percentagem)-373
Obitos por residentes total e por grupo etário,Alto Minho,NUTS III,2025,3280,óbitos,Total,Demografia,Dinâmica populacional,Estrutura da População,Pordata,https://www.pordata.pt/municipios/obitos+de+residentes+em+portugal+total+e+por+grupo+etario-112
Obitos por residentes total e por grupo etário,Arcos de Valdevez,Município,2025,364,óbitos,Total,Demografia,Dinâmica populacional,Estrutura da População,Pordata,https://www.pordata.pt/municipios/obitos+de+residentes+em+portugal+total+e+por+grupo+etario-112
Obitos por residentes total e por grupo etário,Caminha,Município,2025,220,óbitos,Total,Demografia,Dinâmica populacional,Estrutura da População,Pordata,https://www.pordata.pt/municipios/obitos+de+residentes+em+portugal+total+e+por+grupo+etario-112
Obitos por residentes total e por grupo etário,Melgaço,Município,2025,205,óbitos,Total,Demografia,Dinâmica populacional,Estrutura da População,Pordata,https://www.pordata.pt/municipios/obitos+de+residentes+em+portugal+total+e+por+grupo+etario-112
Obitos por residentes total e por grupo etário,Monção,Município,2025,324,óbitos,Total,Demografia,Dinâmica populacional,Estrutura da População,Pordata,https://www.pordata.pt/municipios/obitos+de+residentes+em+portugal+total+e+por+grupo+etario-112
Obitos por residentes total e por grupo etário,Paredes de Coura,Município,2025,136,óbitos,Total,Demografia,Dinâmica populacional,Estrutura da População,Pordata,https://www.pordata.pt/municipios/obitos+de+residentes+em+portugal+total+e+por+grupo+etario-112
Obitos por residentes total e por grupo etário,Ponte da Barca,Município,2025,170,óbitos,Total,Demografia,Dinâmica populacional,Estrutura da População,Pordata,https://www.pordata.pt/municipios/obitos+de+residentes+em+portugal+total+e+por+grupo+etario-112
Obitos por residentes total e por grupo etário,Ponte de Lima,Município,2025,523,óbitos,Total,Demografia,Dinâmica populacional,Estrutura da População,Pordata,https://www.pordata.pt/municipios/obitos+de+residentes+em+portugal+total+e+por+grupo+etario-112
Obitos por residentes total e por grupo etário,Valença,Município,2025,198,óbitos,Total,Demografia,Dinâmica populacional,Estrutura da População,Pordata,https://www.pordata.pt/municipios/obitos+de+residentes+em+portugal+total+e+por+grupo+etario-112
Obitos por residentes total e por grupo etário,Viana do Castelo,Município,2025,1037,óbitos,Total,Demografia,Dinâmica populacional,Estrutura da População,Pordata,https://www.pordata.pt/municipios/obitos+de+residentes+em+portugal+total+e+por+grupo+etario-112
Obitos por residentes total e por grupo etário,Vila Nova de Cerveira,Município,2025,103,óbitos,Total,Demografia,Dinâmica populacional,Estrutura da População,Pordata,https://www.pordata.pt/municipios/obitos+de+residentes+em+portugal+total+e+por+grupo+etario-112
Taxa bruta de natalidade,Alto Minho,NUTS III,2025,6.7,‰,Nados-vivos por mil habitantes,Demografia,Dinâmica populacional,Estrutura da População,Pordata,https://www.pordata.pt/municipios/taxa+bruta+de+natalidade-366
Taxa bruta de natalidade,Arcos de Valdevez,Município,2025,6.3,‰,Nados-vivos por mil habitantes,Demografia,Dinâmica populacional,Estrutura da População,Pordata,https://www.pordata.pt/municipios/taxa+bruta+de+natalidade-366
Taxa bruta de natalidade,Caminha,Município,2025,6.4,‰,Nados-vivos por mil habitantes,Demografia,Dinâmica populacional,Estrutura da População,Pordata,https://www.pordata.pt/municipios/taxa+bruta+de+natalidade-366
Taxa bruta de natalidade,Melgaço,Município,2025,4.5,‰,Nados-vivos por mil habitantes,Demografia,Dinâmica populacional,Estrutura da População,Pordata,https://www.pordata.pt/municipios/taxa+bruta+de+natalidade-366
Taxa bruta de natalidade,Monção,Município,2025,6.7,‰,Nados-vivos por mil habitantes,Demografia,Dinâmica populacional,Estrutura da População,Pordata,https://www.pordata.pt/municipios/taxa+bruta+de+natalidade-366
Taxa bruta de natalidade,Paredes de Coura,Município,2025,4.7,‰,Nados-vivos por mil habitantes,Demografia,Dinâmica populacional,Estrutura da População,Pordata,https://www.pordata.pt/municipios/taxa+bruta+de+natalidade-366
Taxa bruta de natalidade,Ponte da Barca,Município,2025,6.8,‰,Nados-vivos por mil habitantes,Demografia,Dinâmica populacional,Estrutura da População,Pordata,https://www.pordata.pt/municipios/taxa+bruta+de+natalidade-366
Taxa bruta de natalidade,Ponte de Lima,Município,2025,6.9,‰,Nados-vivos por mil habitantes,Demografia,Dinâmica populacional,Estrutura da População,Pordata,https://www.pordata.pt/municipios/taxa+bruta+de+natalidade-366
Taxa bruta de natalidade,Valença,Município,2025,7.4,‰,Nados-vivos por mil habitantes,Demografia,Dinâmica populacional,Estrutura da População,Pordata,https://www.pordata.pt/municipios/taxa+bruta+de+natalidade-366
Taxa bruta de natalidade,Viana do Castelo,Município,2025,7,‰,Nados-vivos por mil habitantes,Demografia,Dinâmica populacional,Estrutura da População,Pordata,https://www.pordata.pt/municipios/taxa+bruta+de+natalidade-366
Taxa bruta de natalidade,Vila Nova de Cerveira,Município,2025,6.2,‰,Nados-vivos por mil habitantes,Demografia,Dinâmica populacional,Estrutura da População,Pordata,https://www.pordata.pt/municipios/taxa+bruta+de+natalidade-366
Taxa bruta de mortalidade,Alto Minho,NUTS III,2025,13.4,‰,Óbitos por mil habitantes,Demografia,Dinâmica populacional,Estrutura da População,Pordata,https://www.pordata.pt/municipios/taxa+bruta+de+mortalidade-367
Taxa bruta de mortalidade,Arcos de Valdevez,Município,2025,17.8,‰,Óbitos por mil habitantes,Demografia,Dinâmica populacional,Estrutura da População,Pordata,https://www.pordata.pt/municipios/taxa+bruta+de+mortalidade-367
Taxa bruta de mortalidade,Caminha,Município,2025,12.8,‰,Óbitos por mil habitantes,Demografia,Dinâmica populacional,Estrutura da População,Pordata,https://www.pordata.pt/municipios/taxa+bruta+de+mortalidade-367
Taxa bruta de mortalidade,Melgaço,Município,2025,28.7,‰,Óbitos por mil habitantes,Demografia,Dinâmica populacional,Estrutura da População,Pordata,https://www.pordata.pt/municipios/taxa+bruta+de+mortalidade-367
Taxa bruta de mortalidade,Monção,Município,2025,17.7,‰,Óbitos por mil habitantes,Demografia,Dinâmica populacional,Estrutura da População,Pordata,https://www.pordata.pt/municipios/taxa+bruta+de+mortalidade-367
Taxa bruta de mortalidade,Paredes de Coura,Município,2025,15.6,‰,Óbitos por mil habitantes,Demografia,Dinâmica populacional,Estrutura da População,Pordata,https://www.pordata.pt/municipios/taxa+bruta+de+mortalidade-367
Taxa bruta de mortalidade,Ponte da Barca,Município,2025,15.3,‰,Óbitos por mil habitantes,Demografia,Dinâmica populacional,Estrutura da População,Pordata,https://www.pordata.pt/municipios/taxa+bruta+de+mortalidade-367
Taxa bruta de mortalidade,Ponte de Lima,Município,2025,12.2,‰,Óbitos por mil habitantes,Demografia,Dinâmica populacional,Estrutura da População,Pordata,https://www.pordata.pt/municipios/taxa+bruta+de+mortalidade-367
Taxa bruta de mortalidade,Valença,Município,2025,12.6,‰,Óbitos por mil habitantes,Demografia,Dinâmica populacional,Estrutura da População,Pordata,https://www.pordata.pt/municipios/taxa+bruta+de+mortalidade-367
Taxa bruta de mortalidade,Viana do Castelo,Município,2025,11.2,‰,Óbitos por mil habitantes,Demografia,Dinâmica populacional,Estrutura da População,Pordata,https://www.pordata.pt/municipios/taxa+bruta+de+mortalidade-367
Taxa bruta de mortalidade,Vila Nova de Cerveira,Município,2025,10.2,‰,Óbitos por mil habitantes,Demografia,Dinâmica populacional,Estrutura da População,Pordata,https://www.pordata.pt/municipios/taxa+bruta+de+mortalidade-367
População estrangeira com estatuto legal de residente: total e por algumas nacionalidades,Alto Minho,NUTS III,2023,13145,pessoas,Total,Demografia,Dinâmica populacional,Estrutura da População,Pordata,https://www.pordata.pt/municipios/populacao+estrangeira+com+estatuto+legal+de+residente+total+e+por+algumas+nacionalidades-101
População estrangeira com estatuto legal de residente: total e por algumas nacionalidades,Arcos de Valdevez,Município,2023,543,pessoas,Total,Demografia,Dinâmica populacional,Estrutura da População,Pordata,https://www.pordata.pt/municipios/populacao+estrangeira+com+estatuto+legal+de+residente+total+e+por+algumas+nacionalidades-101
População estrangeira com estatuto legal de residente: total e por algumas nacionalidades,Caminha,Município,2023,1086,pessoas,Total,Demografia,Dinâmica populacional,Estrutura da População,Pordata,https://www.pordata.pt/municipios/populacao+estrangeira+com+estatuto+legal+de+residente+total+e+por+algumas+nacionalidades-101
População estrangeira com estatuto legal de residente: total e por algumas nacionalidades,Melgaço,Município,2023,219,pessoas,Total,Demografia,Dinâmica populacional,Estrutura da População,Pordata,https://www.pordata.pt/municipios/populacao+estrangeira+com+estatuto+legal+de+residente+total+e+por+algumas+nacionalidades-101
População estrangeira com estatuto legal de residente: total e por algumas nacionalidades,Monção,Município,2023,1389,pessoas,Total,Demografia,Dinâmica populacional,Estrutura da População,Pordata,https://www.pordata.pt/municipios/populacao+estrangeira+com+estatuto+legal+de+residente+total+e+por+algumas+nacionalidades-101
População estrangeira com estatuto legal de residente: total e por algumas nacionalidades,Paredes de Coura,Município,2023,284,pessoas,Total,Demografia,Dinâmica populacional,Estrutura da População,Pordata,https://www.pordata.pt/municipios/populacao+estrangeira+com+estatuto+legal+de+residente+total+e+por+algumas+nacionalidades-101
População estrangeira com estatuto legal de residente: total e por algumas nacionalidades,Ponte da Barca,Município,2023,221,pessoas,Total,Demografia,Dinâmica populacional,Estrutura da População,Pordata,https://www.pordata.pt/municipios/populacao+estrangeira+com+estatuto+legal+de+residente+total+e+por+algumas+nacionalidades-101
População estrangeira com estatuto legal de residente: total e por algumas nacionalidades,Ponte de Lima,Município,2023,1060,pessoas,Total,Demografia,Dinâmica populacional,Estrutura da População,Pordata,https://www.pordata.pt/municipios/populacao+estrangeira+com+estatuto+legal+de+residente+total+e+por+algumas+nacionalidades-101
População estrangeira com estatuto legal de residente: total e por algumas nacionalidades,Valença,Município,2023,1885,pessoas,Total,Demografia,Dinâmica populacional,Estrutura da População,Pordata,https://www.pordata.pt/municipios/populacao+estrangeira+com+estatuto+legal+de+residente+total+e+por+algumas+nacionalidades-101
População estrangeira com estatuto legal de residente: total e por algumas nacionalidades,Viana do Castelo,Município,2023,5450,pessoas,Total,Demografia,Dinâmica populacional,Estrutura da População,Pordata,https://www.pordata.pt/municipios/populacao+estrangeira+com+estatuto+legal+de+residente+total+e+por+algumas+nacionalidades-101
População estrangeira com estatuto legal de residente: total e por algumas nacionalidades,Vila Nova de Cerveira,Município,2023,1008,pessoas,Total,Demografia,Dinâmica populacional,Estrutura da População,Pordata,https://www.pordata.pt/municipios/populacao+estrangeira+com+estatuto+legal+de+residente+total+e+por+algumas+nacionalidades-101
Saldo Migratório,Alto Minho,NUTS III,2025,2144,pessoas,Saldo migratório anual,Demografia,Dinâmica populacional,Mobilidade da População,Pordata,https://www.pordata.pt/municipios/saldos+populacionais+anuais+saldo+total++sado+natural+e+saldo+migratorio-376
Saldo Migratório,Arcos de Valdevez,Município,2025,244,pessoas,Saldo migratório anual,Demografia,Dinâmica populacional,Mobilidade da População,Pordata,https://www.pordata.pt/municipios/saldos+populacionais+anuais+saldo+total++sado+natural+e+saldo+migratorio-376
Saldo Migratório,Caminha,Município,2025,170,pessoas,Saldo migratório anual,Demografia,Dinâmica populacional,Mobilidade da População,Pordata,https://www.pordata.pt/municipios/saldos+populacionais+anuais+saldo+total++sado+natural+e+saldo+migratorio-376
Saldo Migratório,Melgaço,Município,2025,118,pessoas,Saldo migratório anual,Demografia,Dinâmica populacional,Mobilidade da População,Pordata,https://www.pordata.pt/municipios/saldos+populacionais+anuais+saldo+total++sado+natural+e+saldo+migratorio-376
Saldo Migratório,Monção,Município,2025,110,pessoas,Saldo migratório anual,Demografia,Dinâmica populacional,Mobilidade da População,Pordata,https://www.pordata.pt/municipios/saldos+populacionais+anuais+saldo+total++sado+natural+e+saldo+migratorio-376
Saldo Migratório,Paredes de Coura,Município,2025,92,pessoas,Saldo migratório anual,Demografia,Dinâmica populacional,Mobilidade da População,Pordata,https://www.pordata.pt/municipios/saldos+populacionais+anuais+saldo+total++sado+natural+e+saldo+migratorio-376
Saldo Migratório,Ponte da Barca,Município,2025,87,pessoas,Saldo migratório anual,Demografia,Dinâmica populacional,Mobilidade da População,Pordata,https://www.pordata.pt/municipios/saldos+populacionais+anuais+saldo+total++sado+natural+e+saldo+migratorio-376
Saldo Migratório,Ponte de Lima,Município,2025,575,pessoas,Saldo migratório anual,Demografia,Dinâmica populacional,Mobilidade da População,Pordata,https://www.pordata.pt/municipios/saldos+populacionais+anuais+saldo+total++sado+natural+e+saldo+migratorio-376
Saldo Migratório,Valença,Município,2025,71,pessoas,Saldo migratório anual,Demografia,Dinâmica populacional,Mobilidade da População,Pordata,https://www.pordata.pt/municipios/saldos+populacionais+anuais+saldo+total++sado+natural+e+saldo+migratorio-376
Saldo Migratório,Viana do Castelo,Município,2025,687,pessoas,Saldo migratório anual,Demografia,Dinâmica populacional,Mobilidade da População,Pordata,https://www.pordata.pt/municipios/saldos+populacionais+anuais+saldo+total++sado+natural+e+saldo+migratorio-376
Saldo Migratório,Vila Nova de Cerveira,Município,2025,-10,pessoas,Saldo migratório anual,Demografia,Dinâmica populacional,Mobilidade da População,Pordata,https://www.pordata.pt/municipios/saldos+populacionais+anuais+saldo+total++sado+natural+e+saldo+migratorio-376
Preço médio m²,Alto Minho,NUTS III,2025,1401,€/m²,Valor mediano de venda,Habitação,Acesso,Mercado,INE,https://www.ine.pt/xportal/xmain?xpid=INE&xpgid=ine_indicadores&indOcorrCod=0012255&contexto=bd&selTab=tab2
Preço médio m²,Arcos de Valdevez,Município,2025,943,€/m²,Valor mediano de venda,Habitação,Acesso,Mercado,INE,https://www.ine.pt/xportal/xmain?xpid=INE&xpgid=ine_indicadores&indOcorrCod=0012255&contexto=bd&selTab=tab2
Preço médio m²,Caminha,Município,2025,1606,€/m²,Valor mediano de venda,Habitação,Acesso,Mercado,INE,https://www.ine.pt/xportal/xmain?xpid=INE&xpgid=ine_indicadores&indOcorrCod=0012255&contexto=bd&selTab=tab2
Preço médio m²,Melgaço,Município,2025,710,€/m²,Valor mediano de venda,Habitação,Acesso,Mercado,INE,https://www.ine.pt/xportal/xmain?xpid=INE&xpgid=ine_indicadores&indOcorrCod=0012255&contexto=bd&selTab=tab2
Preço médio m²,Monção,Município,2025,1200,€/m²,Valor mediano de venda,Habitação,Acesso,Mercado,INE,https://www.ine.pt/xportal/xmain?xpid=INE&xpgid=ine_indicadores&indOcorrCod=0012255&contexto=bd&selTab=tab2
Preço médio m²,Paredes de Coura,Município,2025,842,€/m²,Valor mediano de venda,Habitação,Acesso,Mercado,INE,https://www.ine.pt/xportal/xmain?xpid=INE&xpgid=ine_indicadores&indOcorrCod=0012255&contexto=bd&selTab=tab2
Preço médio m²,Ponte da Barca,Município,2025,1173,€/m²,Valor mediano de venda,Habitação,Acesso,Mercado,INE,https://www.ine.pt/xportal/xmain?xpid=INE&xpgid=ine_indicadores&indOcorrCod=0012255&contexto=bd&selTab=tab2
Preço médio m²,Ponte de Lima,Município,2025,1282,€/m²,Valor mediano de venda,Habitação,Acesso,Mercado,INE,https://www.ine.pt/xportal/xmain?xpid=INE&xpgid=ine_indicadores&indOcorrCod=0012255&contexto=bd&selTab=tab2
Preço médio m²,Valença,Município,2025,1012,€/m²,Valor mediano de venda,Habitação,Acesso,Mercado,INE,https://www.ine.pt/xportal/xmain?xpid=INE&xpgid=ine_indicadores&indOcorrCod=0012255&contexto=bd&selTab=tab2
Preço médio m²,Viana do Castelo,Município,2025,1810,€/m²,Valor mediano de venda,Habitação,Acesso,Mercado,INE,https://www.ine.pt/xportal/xmain?xpid=INE&xpgid=ine_indicadores&indOcorrCod=0012255&contexto=bd&selTab=tab2
Preço médio m²,Vila Nova de Cerveira,Município,2025,1037,€/m²,Valor mediano de venda,Habitação,Acesso,Mercado,INE,https://www.ine.pt/xportal/xmain?xpid=INE&xpgid=ine_indicadores&indOcorrCod=0012255&contexto=bd&selTab=tab2
Desempregados inscritos nos centros de emprego e de formação profissional no total da população residente com 15 a 64 anos (%),Alto Minho,NUTS III,2025,3.7,%,Total,Habitação,Acesso,Mercado,Pordata,https://www.pordata.pt/municipios/desempregados+inscritos+nos+centros+de+emprego+e+de+formacao+profissional+no+total+da+populacao+residente+com+15+a+64+anos+(percentagem)-592
Desempregados inscritos nos centros de emprego e de formação profissional no total da população residente com 15 a 64 anos (%),Arcos de Valdevez,Município,2025,4.3,%,Total,Habitação,Acesso,Mercado,Pordata,https://www.pordata.pt/municipios/desempregados+inscritos+nos+centros+de+emprego+e+de+formacao+profissional+no+total+da+populacao+residente+com+15+a+64+anos+(percentagem)-592
Desempregados inscritos nos centros de emprego e de formação profissional no total da população residente com 15 a 64 anos (%),Caminha,Município,2025,4,%,Total,Habitação,Acesso,Mercado,Pordata,https://www.pordata.pt/municipios/desempregados+inscritos+nos+centros+de+emprego+e+de+formacao+profissional+no+total+da+populacao+residente+com+15+a+64+anos+(percentagem)-592
Desempregados inscritos nos centros de emprego e de formação profissional no total da população residente com 15 a 64 anos (%),Melgaço,Município,2025,2.6,%,Total,Habitação,Acesso,Mercado,Pordata,https://www.pordata.pt/municipios/desempregados+inscritos+nos+centros+de+emprego+e+de+formacao+profissional+no+total+da+populacao+residente+com+15+a+64+anos+(percentagem)-592
Desempregados inscritos nos centros de emprego e de formação profissional no total da população residente com 15 a 64 anos (%),Monção,Município,2025,3.6,%,Total,Habitação,Acesso,Mercado,Pordata,https://www.pordata.pt/municipios/desempregados+inscritos+nos+centros+de+emprego+e+de+formacao+profissional+no+total+da+populacao+residente+com+15+a+64+anos+(percentagem)-592
Desempregados inscritos nos centros de emprego e de formação profissional no total da população residente com 15 a 64 anos (%),Paredes de Coura,Município,2025,4.6,%,Total,Habitação,Acesso,Mercado,Pordata,https://www.pordata.pt/municipios/desempregados+inscritos+nos+centros+de+emprego+e+de+formacao+profissional+no+total+da+populacao+residente+com+15+a+64+anos+(percentagem)-592
Desempregados inscritos nos centros de emprego e de formação profissional no total da população residente com 15 a 64 anos (%),Ponte da Barca,Município,2025,4.1,%,Total,Habitação,Acesso,Mercado,Pordata,https://www.pordata.pt/municipios/desempregados+inscritos+nos+centros+de+emprego+e+de+formacao+profissional+no+total+da+populacao+residente+com+15+a+64+anos+(percentagem)-592
Desempregados inscritos nos centros de emprego e de formação profissional no total da população residente com 15 a 64 anos (%),Ponte de Lima,Município,2025,2.7,%,Total,Habitação,Acesso,Mercado,Pordata,https://www.pordata.pt/municipios/desempregados+inscritos+nos+centros+de+emprego+e+de+formacao+profissional+no+total+da+populacao+residente+com+15+a+64+anos+(percentagem)-592
Desempregados inscritos nos centros de emprego e de formação profissional no total da população residente com 15 a 64 anos (%),Valença,Município,2025,5.3,%,Total,Habitação,Acesso,Mercado,Pordata,https://www.pordata.pt/municipios/desempregados+inscritos+nos+centros+de+emprego+e+de+formacao+profissional+no+total+da+populacao+residente+com+15+a+64+anos+(percentagem)-592
Desempregados inscritos nos centros de emprego e de formação profissional no total da população residente com 15 a 64 anos (%),Viana do Castelo,Município,2025,3.6,%,Total,Habitação,Acesso,Mercado,Pordata,https://www.pordata.pt/municipios/desempregados+inscritos+nos+centros+de+emprego+e+de+formacao+profissional+no+total+da+populacao+residente+com+15+a+64+anos+(percentagem)-592
Desempregados inscritos nos centros de emprego e de formação profissional no total da população residente com 15 a 64 anos (%),Vila Nova de Cerveira,Município,2025,4.3,%,Total,Habitação,Acesso,Mercado,Pordata,https://www.pordata.pt/municipios/desempregados+inscritos+nos+centros+de+emprego+e+de+formacao+profissional+no+total+da+populacao+residente+com+15+a+64+anos+(percentagem)-592
Diferença entre o salário mínimo nacional e a remuneração base média mensal dos trabalhadores por conta de outrem,Alto Minho,NUTS III,2024,520.1,€,Remuneração média menos SMN de 2024 (€820),Habitação,Acesso,Mercado,Pordata,https://www.pordata.pt/municipios/diferenca+entre+o+salario+minimo+nacional+e+a+remuneracao+base+media+mensal+dos+trabalhadores+por+conta+de+outrem-477
Diferença entre o salário mínimo nacional e a remuneração base média mensal dos trabalhadores por conta de outrem,Arcos de Valdevez,Município,2024,401.8,€,Remuneração média menos SMN de 2024 (€820),Habitação,Acesso,Mercado,Pordata,https://www.pordata.pt/municipios/diferenca+entre+o+salario+minimo+nacional+e+a+remuneracao+base+media+mensal+dos+trabalhadores+por+conta+de+outrem-477
Diferença entre o salário mínimo nacional e a remuneração base média mensal dos trabalhadores por conta de outrem,Caminha,Município,2024,325.0,€,Remuneração média menos SMN de 2024 (€820),Habitação,Acesso,Mercado,Pordata,https://www.pordata.pt/municipios/diferenca+entre+o+salario+minimo+nacional+e+a+remuneracao+base+media+mensal+dos+trabalhadores+por+conta+de+outrem-477
Diferença entre o salário mínimo nacional e a remuneração base média mensal dos trabalhadores por conta de outrem,Melgaço,Município,2024,342.5,€,Remuneração média menos SMN de 2024 (€820),Habitação,Acesso,Mercado,Pordata,https://www.pordata.pt/municipios/diferenca+entre+o+salario+minimo+nacional+e+a+remuneracao+base+media+mensal+dos+trabalhadores+por+conta+de+outrem-477
Diferença entre o salário mínimo nacional e a remuneração base média mensal dos trabalhadores por conta de outrem,Monção,Município,2024,422.7,€,Remuneração média menos SMN de 2024 (€820),Habitação,Acesso,Mercado,Pordata,https://www.pordata.pt/municipios/diferenca+entre+o+salario+minimo+nacional+e+a+remuneracao+base+media+mensal+dos+trabalhadores+por+conta+de+outrem-477
Diferença entre o salário mínimo nacional e a remuneração base média mensal dos trabalhadores por conta de outrem,Paredes de Coura,Município,2024,433.7,€,Remuneração média menos SMN de 2024 (€820),Habitação,Acesso,Mercado,Pordata,https://www.pordata.pt/municipios/diferenca+entre+o+salario+minimo+nacional+e+a+remuneracao+base+media+mensal+dos+trabalhadores+por+conta+de+outrem-477
Diferença entre o salário mínimo nacional e a remuneração base média mensal dos trabalhadores por conta de outrem,Ponte da Barca,Município,2024,315.1,€,Remuneração média menos SMN de 2024 (€820),Habitação,Acesso,Mercado,Pordata,https://www.pordata.pt/municipios/diferenca+entre+o+salario+minimo+nacional+e+a+remuneracao+base+media+mensal+dos+trabalhadores+por+conta+de+outrem-477
Diferença entre o salário mínimo nacional e a remuneração base média mensal dos trabalhadores por conta de outrem,Ponte de Lima,Município,2024,440.1,€,Remuneração média menos SMN de 2024 (€820),Habitação,Acesso,Mercado,Pordata,https://www.pordata.pt/municipios/diferenca+entre+o+salario+minimo+nacional+e+a+remuneracao+base+media+mensal+dos+trabalhadores+por+conta+de+outrem-477
Diferença entre o salário mínimo nacional e a remuneração base média mensal dos trabalhadores por conta de outrem,Valença,Município,2024,447.0,€,Remuneração média menos SMN de 2024 (€820),Habitação,Acesso,Mercado,Pordata,https://www.pordata.pt/municipios/diferenca+entre+o+salario+minimo+nacional+e+a+remuneracao+base+media+mensal+dos+trabalhadores+por+conta+de+outrem-477
Diferença entre o salário mínimo nacional e a remuneração base média mensal dos trabalhadores por conta de outrem,Viana do Castelo,Município,2024,626.5,€,Remuneração média menos SMN de 2024 (€820),Habitação,Acesso,Mercado,Pordata,https://www.pordata.pt/municipios/diferenca+entre+o+salario+minimo+nacional+e+a+remuneracao+base+media+mensal+dos+trabalhadores+por+conta+de+outrem-477
Diferença entre o salário mínimo nacional e a remuneração base média mensal dos trabalhadores por conta de outrem,Vila Nova de Cerveira,Município,2024,597.4,€,Remuneração média menos SMN de 2024 (€820),Habitação,Acesso,Mercado,Pordata,https://www.pordata.pt/municipios/diferenca+entre+o+salario+minimo+nacional+e+a+remuneracao+base+media+mensal+dos+trabalhadores+por+conta+de+outrem-477
Desempregados inscritos nos centros de emprego e de formação profissional (média anual): total e por grupo etário,Alto Minho,NUTS III,2025,5447,pessoas,Média anual — total,Habitação,Acesso,Mercado,Pordata,https://www.pordata.pt/municipios/desempregados+inscritos+nos+centros+de+emprego+e+de+formacao+profissional+(media+anual)+total+e+por+grupo+etario-221
Desempregados inscritos nos centros de emprego e de formação profissional (média anual): total e por grupo etário,Arcos de Valdevez,Município,2025,483,pessoas,Média anual — total,Habitação,Acesso,Mercado,Pordata,https://www.pordata.pt/municipios/desempregados+inscritos+nos+centros+de+emprego+e+de+formacao+profissional+(media+anual)+total+e+por+grupo+etario-221
Desempregados inscritos nos centros de emprego e de formação profissional (média anual): total e por grupo etário,Caminha,Município,2025,403,pessoas,Média anual — total,Habitação,Acesso,Mercado,Pordata,https://www.pordata.pt/municipios/desempregados+inscritos+nos+centros+de+emprego+e+de+formacao+profissional+(media+anual)+total+e+por+grupo+etario-221
Desempregados inscritos nos centros de emprego e de formação profissional (média anual): total e por grupo etário,Melgaço,Município,2025,95,pessoas,Média anual — total,Habitação,Acesso,Mercado,Pordata,https://www.pordata.pt/municipios/desempregados+inscritos+nos+centros+de+emprego+e+de+formacao+profissional+(media+anual)+total+e+por+grupo+etario-221
Desempregados inscritos nos centros de emprego e de formação profissional (média anual): total e por grupo etário,Monção,Município,2025,372,pessoas,Média anual — total,Habitação,Acesso,Mercado,Pordata,https://www.pordata.pt/municipios/desempregados+inscritos+nos+centros+de+emprego+e+de+formacao+profissional+(media+anual)+total+e+por+grupo+etario-221
Desempregados inscritos nos centros de emprego e de formação profissional (média anual): total e por grupo etário,Paredes de Coura,Município,2025,238,pessoas,Média anual — total,Habitação,Acesso,Mercado,Pordata,https://www.pordata.pt/municipios/desempregados+inscritos+nos+centros+de+emprego+e+de+formacao+profissional+(media+anual)+total+e+por+grupo+etario-221
Desempregados inscritos nos centros de emprego e de formação profissional (média anual): total e por grupo etário,Ponte da Barca,Município,2025,264,pessoas,Média anual — total,Habitação,Acesso,Mercado,Pordata,https://www.pordata.pt/municipios/desempregados+inscritos+nos+centros+de+emprego+e+de+formacao+profissional+(media+anual)+total+e+por+grupo+etario-221
Desempregados inscritos nos centros de emprego e de formação profissional (média anual): total e por grupo etário,Ponte de Lima,Município,2025,736,pessoas,Média anual — total,Habitação,Acesso,Mercado,Pordata,https://www.pordata.pt/municipios/desempregados+inscritos+nos+centros+de+emprego+e+de+formacao+profissional+(media+anual)+total+e+por+grupo+etario-221
Desempregados inscritos nos centros de emprego e de formação profissional (média anual): total e por grupo etário,Valença,Município,2025,525,pessoas,Média anual — total,Habitação,Acesso,Mercado,Pordata,https://www.pordata.pt/municipios/desempregados+inscritos+nos+centros+de+emprego+e+de+formacao+profissional+(media+anual)+total+e+por+grupo+etario-221
Desempregados inscritos nos centros de emprego e de formação profissional (média anual): total e por grupo etário,Viana do Castelo,Município,2025,2059,pessoas,Média anual — total,Habitação,Acesso,Mercado,Pordata,https://www.pordata.pt/municipios/desempregados+inscritos+nos+centros+de+emprego+e+de+formacao+profissional+(media+anual)+total+e+por+grupo+etario-221
Desempregados inscritos nos centros de emprego e de formação profissional (média anual): total e por grupo etário,Vila Nova de Cerveira,Município,2025,273,pessoas,Média anual — total,Habitação,Acesso,Mercado,Pordata,https://www.pordata.pt/municipios/desempregados+inscritos+nos+centros+de+emprego+e+de+formacao+profissional+(media+anual)+total+e+por+grupo+etario-221
Desempregados inscritos nos centros de emprego e de formação profissional,Alto Minho,NUTS III,2025,5211,pessoas,Inscritos em dezembro,Habitação,Acesso,Mercado,Pordata,https://www.pordata.pt/municipios/desempregados+inscritos+nos+centros+de+emprego+e+de+formacao+profissional-220
Desempregados inscritos nos centros de emprego e de formação profissional,Arcos de Valdevez,Município,2025,456,pessoas,Inscritos em dezembro,Habitação,Acesso,Mercado,Pordata,https://www.pordata.pt/municipios/desempregados+inscritos+nos+centros+de+emprego+e+de+formacao+profissional-220
Desempregados inscritos nos centros de emprego e de formação profissional,Caminha,Município,2025,395,pessoas,Inscritos em dezembro,Habitação,Acesso,Mercado,Pordata,https://www.pordata.pt/municipios/desempregados+inscritos+nos+centros+de+emprego+e+de+formacao+profissional-220
Desempregados inscritos nos centros de emprego e de formação profissional,Melgaço,Município,2025,109,pessoas,Inscritos em dezembro,Habitação,Acesso,Mercado,Pordata,https://www.pordata.pt/municipios/desempregados+inscritos+nos+centros+de+emprego+e+de+formacao+profissional-220
Desempregados inscritos nos centros de emprego e de formação profissional,Monção,Município,2025,352,pessoas,Inscritos em dezembro,Habitação,Acesso,Mercado,Pordata,https://www.pordata.pt/municipios/desempregados+inscritos+nos+centros+de+emprego+e+de+formacao+profissional-220
Desempregados inscritos nos centros de emprego e de formação profissional,Paredes de Coura,Município,2025,251,pessoas,Inscritos em dezembro,Habitação,Acesso,Mercado,Pordata,https://www.pordata.pt/municipios/desempregados+inscritos+nos+centros+de+emprego+e+de+formacao+profissional-220
Desempregados inscritos nos centros de emprego e de formação profissional,Ponte da Barca,Município,2025,246,pessoas,Inscritos em dezembro,Habitação,Acesso,Mercado,Pordata,https://www.pordata.pt/municipios/desempregados+inscritos+nos+centros+de+emprego+e+de+formacao+profissional-220
Desempregados inscritos nos centros de emprego e de formação profissional,Ponte de Lima,Município,2025,684,pessoas,Inscritos em dezembro,Habitação,Acesso,Mercado,Pordata,https://www.pordata.pt/municipios/desempregados+inscritos+nos+centros+de+emprego+e+de+formacao+profissional-220
Desempregados inscritos nos centros de emprego e de formação profissional,Valença,Município,2025,482,pessoas,Inscritos em dezembro,Habitação,Acesso,Mercado,Pordata,https://www.pordata.pt/municipios/desempregados+inscritos+nos+centros+de+emprego+e+de+formacao+profissional-220
Desempregados inscritos nos centros de emprego e de formação profissional,Viana do Castelo,Município,2025,1964,pessoas,Inscritos em dezembro,Habitação,Acesso,Mercado,Pordata,https://www.pordata.pt/municipios/desempregados+inscritos+nos+centros+de+emprego+e+de+formacao+profissional-220
Desempregados inscritos nos centros de emprego e de formação profissional,Vila Nova de Cerveira,Município,2025,272,pessoas,Inscritos em dezembro,Habitação,Acesso,Mercado,Pordata,https://www.pordata.pt/municipios/desempregados+inscritos+nos+centros+de+emprego+e+de+formacao+profissional-220
Rendimento médio,Alto Minho,NUTS III,2024,1340.14,€,Ganho médio mensal,Habitação,Rendimentos,Vulnerabilidade,INE,https://www.ine.pt/xportal/xmain?xpid=INE&xpgid=ine_indicadores&indOcorrCod=0012649&contexto=bd&selTab=tab2
Rendimento médio,Arcos de Valdevez,Município,2024,1221.81,€,Ganho médio mensal,Habitação,Rendimentos,Vulnerabilidade,INE,https://www.ine.pt/xportal/xmain?xpid=INE&xpgid=ine_indicadores&indOcorrCod=0012649&contexto=bd&selTab=tab2
Rendimento médio,Caminha,Município,2024,1144.99,€,Ganho médio mensal,Habitação,Rendimentos,Vulnerabilidade,INE,https://www.ine.pt/xportal/xmain?xpid=INE&xpgid=ine_indicadores&indOcorrCod=0012649&contexto=bd&selTab=tab2
Rendimento médio,Melgaço,Município,2024,1162.53,€,Ganho médio mensal,Habitação,Rendimentos,Vulnerabilidade,INE,https://www.ine.pt/xportal/xmain?xpid=INE&xpgid=ine_indicadores&indOcorrCod=0012649&contexto=bd&selTab=tab2
Rendimento médio,Monção,Município,2024,1242.72,€,Ganho médio mensal,Habitação,Rendimentos,Vulnerabilidade,INE,https://www.ine.pt/xportal/xmain?xpid=INE&xpgid=ine_indicadores&indOcorrCod=0012649&contexto=bd&selTab=tab2
Rendimento médio,Paredes de Coura,Município,2024,1253.73,€,Ganho médio mensal,Habitação,Rendimentos,Vulnerabilidade,INE,https://www.ine.pt/xportal/xmain?xpid=INE&xpgid=ine_indicadores&indOcorrCod=0012649&contexto=bd&selTab=tab2
Rendimento médio,Ponte da Barca,Município,2024,1135.06,€,Ganho médio mensal,Habitação,Rendimentos,Vulnerabilidade,INE,https://www.ine.pt/xportal/xmain?xpid=INE&xpgid=ine_indicadores&indOcorrCod=0012649&contexto=bd&selTab=tab2
Rendimento médio,Ponte de Lima,Município,2024,1260.09,€,Ganho médio mensal,Habitação,Rendimentos,Vulnerabilidade,INE,https://www.ine.pt/xportal/xmain?xpid=INE&xpgid=ine_indicadores&indOcorrCod=0012649&contexto=bd&selTab=tab2
Rendimento médio,Valença,Município,2024,1266.97,€,Ganho médio mensal,Habitação,Rendimentos,Vulnerabilidade,INE,https://www.ine.pt/xportal/xmain?xpid=INE&xpgid=ine_indicadores&indOcorrCod=0012649&contexto=bd&selTab=tab2
Rendimento médio,Viana do Castelo,Município,2024,1446.48,€,Ganho médio mensal,Habitação,Rendimentos,Vulnerabilidade,INE,https://www.ine.pt/xportal/xmain?xpid=INE&xpgid=ine_indicadores&indOcorrCod=0012649&contexto=bd&selTab=tab2
Rendimento médio,Vila Nova de Cerveira,Município,2024,1417.36,€,Ganho médio mensal,Habitação,Rendimentos,Vulnerabilidade,INE,https://www.ine.pt/xportal/xmain?xpid=INE&xpgid=ine_indicadores&indOcorrCod=0012649&contexto=bd&selTab=tab2
Taxa de retenção e desistência no ensino básico: total e por ano de escolaridade,Alto Minho,NUTS III,2025,0.8,%,Total do ensino básico,Habitação,Rendimentos,Vulnerabilidade,Pordata,https://www.pordata.pt/municipios/taxa+de+retencao+e+desistencia+no+ensino+basico+total+e+por+ano+de+escolaridade-996
Taxa de retenção e desistência no ensino básico: total e por ano de escolaridade,Arcos de Valdevez,Município,2025,1.1,%,Total do ensino básico,Habitação,Rendimentos,Vulnerabilidade,Pordata,https://www.pordata.pt/municipios/taxa+de+retencao+e+desistencia+no+ensino+basico+total+e+por+ano+de+escolaridade-996
Taxa de retenção e desistência no ensino básico: total e por ano de escolaridade,Caminha,Município,2025,0.9,%,Total do ensino básico,Habitação,Rendimentos,Vulnerabilidade,Pordata,https://www.pordata.pt/municipios/taxa+de+retencao+e+desistencia+no+ensino+basico+total+e+por+ano+de+escolaridade-996
Taxa de retenção e desistência no ensino básico: total e por ano de escolaridade,Melgaço,Município,2025,1.7,%,Total do ensino básico,Habitação,Rendimentos,Vulnerabilidade,Pordata,https://www.pordata.pt/municipios/taxa+de+retencao+e+desistencia+no+ensino+basico+total+e+por+ano+de+escolaridade-996
Taxa de retenção e desistência no ensino básico: total e por ano de escolaridade,Monção,Município,2025,0.8,%,Total do ensino básico,Habitação,Rendimentos,Vulnerabilidade,Pordata,https://www.pordata.pt/municipios/taxa+de+retencao+e+desistencia+no+ensino+basico+total+e+por+ano+de+escolaridade-996
Taxa de retenção e desistência no ensino básico: total e por ano de escolaridade,Paredes de Coura,Município,2025,1.8,%,Total do ensino básico,Habitação,Rendimentos,Vulnerabilidade,Pordata,https://www.pordata.pt/municipios/taxa+de+retencao+e+desistencia+no+ensino+basico+total+e+por+ano+de+escolaridade-996
Taxa de retenção e desistência no ensino básico: total e por ano de escolaridade,Ponte da Barca,Município,2025,0,%,Total do ensino básico,Habitação,Rendimentos,Vulnerabilidade,Pordata,https://www.pordata.pt/municipios/taxa+de+retencao+e+desistencia+no+ensino+basico+total+e+por+ano+de+escolaridade-996
Taxa de retenção e desistência no ensino básico: total e por ano de escolaridade,Ponte de Lima,Município,2025,0.2,%,Total do ensino básico,Habitação,Rendimentos,Vulnerabilidade,Pordata,https://www.pordata.pt/municipios/taxa+de+retencao+e+desistencia+no+ensino+basico+total+e+por+ano+de+escolaridade-996
Taxa de retenção e desistência no ensino básico: total e por ano de escolaridade,Valença,Município,2025,4.3,%,Total do ensino básico,Habitação,Rendimentos,Vulnerabilidade,Pordata,https://www.pordata.pt/municipios/taxa+de+retencao+e+desistencia+no+ensino+basico+total+e+por+ano+de+escolaridade-996
Taxa de retenção e desistência no ensino básico: total e por ano de escolaridade,Viana do Castelo,Município,2025,0.3,%,Total do ensino básico,Habitação,Rendimentos,Vulnerabilidade,Pordata,https://www.pordata.pt/municipios/taxa+de+retencao+e+desistencia+no+ensino+basico+total+e+por+ano+de+escolaridade-996
Taxa de retenção e desistência no ensino básico: total e por ano de escolaridade,Vila Nova de Cerveira,Município,2025,2.5,%,Total do ensino básico,Habitação,Rendimentos,Vulnerabilidade,Pordata,https://www.pordata.pt/municipios/taxa+de+retencao+e+desistencia+no+ensino+basico+total+e+por+ano+de+escolaridade-996
"Taxa de retenção e desistência no ensino secundário: total, por modalidade de ensino e ano de escolaridade",Alto Minho,NUTS III,2025,10.8,%,Total do ensino secundário,Habitação,Rendimentos,Vulnerabilidade,Pordata,https://www.pordata.pt/municipios/taxa+de+retencao+e+desistencia+no+ensino+secundario+total++por+modalidade+de+ensino+e+ano+de+escolaridade-997
"Taxa de retenção e desistência no ensino secundário: total, por modalidade de ensino e ano de escolaridade",Arcos de Valdevez,Município,2025,6,%,Total do ensino secundário,Habitação,Rendimentos,Vulnerabilidade,Pordata,https://www.pordata.pt/municipios/taxa+de+retencao+e+desistencia+no+ensino+secundario+total++por+modalidade+de+ensino+e+ano+de+escolaridade-997
"Taxa de retenção e desistência no ensino secundário: total, por modalidade de ensino e ano de escolaridade",Caminha,Município,2025,6.5,%,Total do ensino secundário,Habitação,Rendimentos,Vulnerabilidade,Pordata,https://www.pordata.pt/municipios/taxa+de+retencao+e+desistencia+no+ensino+secundario+total++por+modalidade+de+ensino+e+ano+de+escolaridade-997
"Taxa de retenção e desistência no ensino secundário: total, por modalidade de ensino e ano de escolaridade",Melgaço,Município,2025,9.3,%,Total do ensino secundário,Habitação,Rendimentos,Vulnerabilidade,Pordata,https://www.pordata.pt/municipios/taxa+de+retencao+e+desistencia+no+ensino+secundario+total++por+modalidade+de+ensino+e+ano+de+escolaridade-997
"Taxa de retenção e desistência no ensino secundário: total, por modalidade de ensino e ano de escolaridade",Monção,Município,2025,11.8,%,Total do ensino secundário,Habitação,Rendimentos,Vulnerabilidade,Pordata,https://www.pordata.pt/municipios/taxa+de+retencao+e+desistencia+no+ensino+secundario+total++por+modalidade+de+ensino+e+ano+de+escolaridade-997
"Taxa de retenção e desistência no ensino secundário: total, por modalidade de ensino e ano de escolaridade",Paredes de Coura,Município,2025,12.5,%,Total do ensino secundário,Habitação,Rendimentos,Vulnerabilidade,Pordata,https://www.pordata.pt/municipios/taxa+de+retencao+e+desistencia+no+ensino+secundario+total++por+modalidade+de+ensino+e+ano+de+escolaridade-997
"Taxa de retenção e desistência no ensino secundário: total, por modalidade de ensino e ano de escolaridade",Ponte da Barca,Município,2025,8.1,%,Total do ensino secundário,Habitação,Rendimentos,Vulnerabilidade,Pordata,https://www.pordata.pt/municipios/taxa+de+retencao+e+desistencia+no+ensino+secundario+total++por+modalidade+de+ensino+e+ano+de+escolaridade-997
"Taxa de retenção e desistência no ensino secundário: total, por modalidade de ensino e ano de escolaridade",Ponte de Lima,Município,2025,14.2,%,Total do ensino secundário,Habitação,Rendimentos,Vulnerabilidade,Pordata,https://www.pordata.pt/municipios/taxa+de+retencao+e+desistencia+no+ensino+secundario+total++por+modalidade+de+ensino+e+ano+de+escolaridade-997
"Taxa de retenção e desistência no ensino secundário: total, por modalidade de ensino e ano de escolaridade",Valença,Município,2025,12.4,%,Total do ensino secundário,Habitação,Rendimentos,Vulnerabilidade,Pordata,https://www.pordata.pt/municipios/taxa+de+retencao+e+desistencia+no+ensino+secundario+total++por+modalidade+de+ensino+e+ano+de+escolaridade-997
"Taxa de retenção e desistência no ensino secundário: total, por modalidade de ensino e ano de escolaridade",Viana do Castelo,Município,2025,10.8,%,Total do ensino secundário,Habitação,Rendimentos,Vulnerabilidade,Pordata,https://www.pordata.pt/municipios/taxa+de+retencao+e+desistencia+no+ensino+secundario+total++por+modalidade+de+ensino+e+ano+de+escolaridade-997
"Taxa de retenção e desistência no ensino secundário: total, por modalidade de ensino e ano de escolaridade",Vila Nova de Cerveira,Município,2025,5.6,%,Total do ensino secundário,Habitação,Rendimentos,Vulnerabilidade,Pordata,https://www.pordata.pt/municipios/taxa+de+retencao+e+desistencia+no+ensino+secundario+total++por+modalidade+de+ensino+e+ano+de+escolaridade-997
"Estabelecimentos nos ensinos pré-escolar, básico e secundário: por nível de ensino",Alto Minho,NUTS III,2025,255,estabelecimentos,Total,Habitação,Rendimentos,Vulnerabilidade,Pordata,https://www.pordata.pt/municipios/estabelecimentos+nos+ensinos+pre+escolar++basico+e+secundario+por+nivel+de+ensino-213
"Estabelecimentos nos ensinos pré-escolar, básico e secundário: por nível de ensino",Arcos de Valdevez,Município,2025,19,estabelecimentos,Total,Habitação,Rendimentos,Vulnerabilidade,Pordata,https://www.pordata.pt/municipios/estabelecimentos+nos+ensinos+pre+escolar++basico+e+secundario+por+nivel+de+ensino-213
"Estabelecimentos nos ensinos pré-escolar, básico e secundário: por nível de ensino",Caminha,Município,2025,27,estabelecimentos,Total,Habitação,Rendimentos,Vulnerabilidade,Pordata,https://www.pordata.pt/municipios/estabelecimentos+nos+ensinos+pre+escolar++basico+e+secundario+por+nivel+de+ensino-213
"Estabelecimentos nos ensinos pré-escolar, básico e secundário: por nível de ensino",Melgaço,Município,2025,8,estabelecimentos,Total,Habitação,Rendimentos,Vulnerabilidade,Pordata,https://www.pordata.pt/municipios/estabelecimentos+nos+ensinos+pre+escolar++basico+e+secundario+por+nivel+de+ensino-213
"Estabelecimentos nos ensinos pré-escolar, básico e secundário: por nível de ensino",Monção,Município,2025,17,estabelecimentos,Total,Habitação,Rendimentos,Vulnerabilidade,Pordata,https://www.pordata.pt/municipios/estabelecimentos+nos+ensinos+pre+escolar++basico+e+secundario+por+nivel+de+ensino-213
"Estabelecimentos nos ensinos pré-escolar, básico e secundário: por nível de ensino",Paredes de Coura,Município,2025,9,estabelecimentos,Total,Habitação,Rendimentos,Vulnerabilidade,Pordata,https://www.pordata.pt/municipios/estabelecimentos+nos+ensinos+pre+escolar++basico+e+secundario+por+nivel+de+ensino-213
"Estabelecimentos nos ensinos pré-escolar, básico e secundário: por nível de ensino",Ponte da Barca,Município,2025,10,estabelecimentos,Total,Habitação,Rendimentos,Vulnerabilidade,Pordata,https://www.pordata.pt/municipios/estabelecimentos+nos+ensinos+pre+escolar++basico+e+secundario+por+nivel+de+ensino-213
"Estabelecimentos nos ensinos pré-escolar, básico e secundário: por nível de ensino",Ponte de Lima,Município,2025,41,estabelecimentos,Total,Habitação,Rendimentos,Vulnerabilidade,Pordata,https://www.pordata.pt/municipios/estabelecimentos+nos+ensinos+pre+escolar++basico+e+secundario+por+nivel+de+ensino-213
"Estabelecimentos nos ensinos pré-escolar, básico e secundário: por nível de ensino",Valença,Município,2025,17,estabelecimentos,Total,Habitação,Rendimentos,Vulnerabilidade,Pordata,https://www.pordata.pt/municipios/estabelecimentos+nos+ensinos+pre+escolar++basico+e+secundario+por+nivel+de+ensino-213
"Estabelecimentos nos ensinos pré-escolar, básico e secundário: por nível de ensino",Viana do Castelo,Município,2025,97,estabelecimentos,Total,Habitação,Rendimentos,Vulnerabilidade,Pordata,https://www.pordata.pt/municipios/estabelecimentos+nos+ensinos+pre+escolar++basico+e+secundario+por+nivel+de+ensino-213
"Estabelecimentos nos ensinos pré-escolar, básico e secundário: por nível de ensino",Vila Nova de Cerveira,Município,2025,10,estabelecimentos,Total,Habitação,Rendimentos,Vulnerabilidade,Pordata,https://www.pordata.pt/municipios/estabelecimentos+nos+ensinos+pre+escolar++basico+e+secundario+por+nivel+de+ensino-213
Taxa de analfabetismo,Alto Minho,NUTS III,2021,3.97,%,Ambos os sexos,Habitação,Abandono,Sucesso,INE,https://www.ine.pt/xportal/xmain?xpid=INE&xpgid=ine_indicadores&indOcorrCod=0012273&contexto=bd&selTab=tab2
Taxa de analfabetismo,Arcos de Valdevez,Município,2021,7.28,%,Ambos os sexos,Habitação,Abandono,Sucesso,INE,https://www.ine.pt/xportal/xmain?xpid=INE&xpgid=ine_indicadores&indOcorrCod=0012273&contexto=bd&selTab=tab2
Taxa de analfabetismo,Caminha,Município,2021,2.67,%,Ambos os sexos,Habitação,Abandono,Sucesso,INE,https://www.ine.pt/xportal/xmain?xpid=INE&xpgid=ine_indicadores&indOcorrCod=0012273&contexto=bd&selTab=tab2
Taxa de analfabetismo,Melgaço,Município,2021,5.77,%,Ambos os sexos,Habitação,Abandono,Sucesso,INE,https://www.ine.pt/xportal/xmain?xpid=INE&xpgid=ine_indicadores&indOcorrCod=0012273&contexto=bd&selTab=tab2
Taxa de analfabetismo,Monção,Município,2021,4.7,%,Ambos os sexos,Habitação,Abandono,Sucesso,INE,https://www.ine.pt/xportal/xmain?xpid=INE&xpgid=ine_indicadores&indOcorrCod=0012273&contexto=bd&selTab=tab2
Taxa de analfabetismo,Paredes de Coura,Município,2021,6.26,%,Ambos os sexos,Habitação,Abandono,Sucesso,INE,https://www.ine.pt/xportal/xmain?xpid=INE&xpgid=ine_indicadores&indOcorrCod=0012273&contexto=bd&selTab=tab2
Taxa de analfabetismo,Ponte da Barca,Município,2021,6.01,%,Ambos os sexos,Habitação,Abandono,Sucesso,INE,https://www.ine.pt/xportal/xmain?xpid=INE&xpgid=ine_indicadores&indOcorrCod=0012273&contexto=bd&selTab=tab2
Taxa de analfabetismo,Ponte de Lima,Município,2021,4.52,%,Ambos os sexos,Habitação,Abandono,Sucesso,INE,https://www.ine.pt/xportal/xmain?xpid=INE&xpgid=ine_indicadores&indOcorrCod=0012273&contexto=bd&selTab=tab2
Taxa de analfabetismo,Valença,Município,2021,2.98,%,Ambos os sexos,Habitação,Abandono,Sucesso,INE,https://www.ine.pt/xportal/xmain?xpid=INE&xpgid=ine_indicadores&indOcorrCod=0012273&contexto=bd&selTab=tab2
Taxa de analfabetismo,Viana do Castelo,Município,2021,2.54,%,Ambos os sexos,Habitação,Abandono,Sucesso,INE,https://www.ine.pt/xportal/xmain?xpid=INE&xpgid=ine_indicadores&indOcorrCod=0012273&contexto=bd&selTab=tab2
Taxa de analfabetismo,Vila Nova de Cerveira,Município,2021,3.24,%,Ambos os sexos,Habitação,Abandono,Sucesso,INE,https://www.ine.pt/xportal/xmain?xpid=INE&xpgid=ine_indicadores&indOcorrCod=0012273&contexto=bd&selTab=tab2
Habitantes por médico e farmacêutico,Alto Minho,NUTS III,2025,223.5,habitantes,Habitantes por médico,Saúde,Abandono,Sucesso,Pordata,https://www.pordata.pt/municipios/habitantes+por+medico+e+farmaceutico-495
Habitantes por médico e farmacêutico,Arcos de Valdevez,Município,2025,340.8,habitantes,Habitantes por médico,Saúde,Abandono,Sucesso,Pordata,https://www.pordata.pt/municipios/habitantes+por+medico+e+farmaceutico-495
Habitantes por médico e farmacêutico,Caminha,Município,2025,182.4,habitantes,Habitantes por médico,Saúde,Abandono,Sucesso,Pordata,https://www.pordata.pt/municipios/habitantes+por+medico+e+farmaceutico-495
Habitantes por médico e farmacêutico,Melgaço,Município,2025,324.5,habitantes,Habitantes por médico,Saúde,Abandono,Sucesso,Pordata,https://www.pordata.pt/municipios/habitantes+por+medico+e+farmaceutico-495
Habitantes por médico e farmacêutico,Monção,Município,2025,309.8,habitantes,Habitantes por médico,Saúde,Abandono,Sucesso,Pordata,https://www.pordata.pt/municipios/habitantes+por+medico+e+farmaceutico-495
Habitantes por médico e farmacêutico,Paredes de Coura,Município,2025,671,habitantes,Habitantes por médico,Saúde,Abandono,Sucesso,Pordata,https://www.pordata.pt/municipios/habitantes+por+medico+e+farmaceutico-495
Habitantes por médico e farmacêutico,Ponte da Barca,Município,2025,370.6,habitantes,Habitantes por médico,Saúde,Abandono,Sucesso,Pordata,https://www.pordata.pt/municipios/habitantes+por+medico+e+farmaceutico-495
Habitantes por médico e farmacêutico,Ponte de Lima,Município,2025,275.9,habitantes,Habitantes por médico,Saúde,Abandono,Sucesso,Pordata,https://www.pordata.pt/municipios/habitantes+por+medico+e+farmaceutico-495
Habitantes por médico e farmacêutico,Valença,Município,2025,560.9,habitantes,Habitantes por médico,Saúde,Abandono,Sucesso,Pordata,https://www.pordata.pt/municipios/habitantes+por+medico+e+farmaceutico-495
Habitantes por médico e farmacêutico,Viana do Castelo,Município,2025,153,habitantes,Habitantes por médico,Saúde,Abandono,Sucesso,Pordata,https://www.pordata.pt/municipios/habitantes+por+medico+e+farmaceutico-495
Habitantes por médico e farmacêutico,Vila Nova de Cerveira,Município,2025,403.1,habitantes,Habitantes por médico,Saúde,Abandono,Sucesso,Pordata,https://www.pordata.pt/municipios/habitantes+por+medico+e+farmaceutico-495
Habitantes por farmácia e posto farmacêutico móvel,Alto Minho,NUTS III,2025,3537.6,habitantes,Habitantes por farmácia/posto,Saúde,Abandono,Sucesso,Pordata,https://www.pordata.pt/municipios/habitantes+por+farmacia+e+posto+farmaceutico+movel-491
Habitantes por farmácia e posto farmacêutico móvel,Arcos de Valdevez,Município,2025,3407.6,habitantes,Habitantes por farmácia/posto,Saúde,Abandono,Sucesso,Pordata,https://www.pordata.pt/municipios/habitantes+por+farmacia+e+posto+farmaceutico+movel-491
Habitantes por farmácia e posto farmacêutico móvel,Caminha,Município,2025,3428.6,habitantes,Habitantes por farmácia/posto,Saúde,Abandono,Sucesso,Pordata,https://www.pordata.pt/municipios/habitantes+por+farmacia+e+posto+farmaceutico+movel-491
Habitantes por farmácia e posto farmacêutico móvel,Melgaço,Município,2025,2379.5,habitantes,Habitantes por farmácia/posto,Saúde,Abandono,Sucesso,Pordata,https://www.pordata.pt/municipios/habitantes+por+farmacia+e+posto+farmaceutico+movel-491
Habitantes por farmácia e posto farmacêutico móvel,Monção,Município,2025,3046,habitantes,Habitantes por farmácia/posto,Saúde,Abandono,Sucesso,Pordata,https://www.pordata.pt/municipios/habitantes+por+farmacia+e+posto+farmaceutico+movel-491
Habitantes por farmácia e posto farmacêutico móvel,Paredes de Coura,Município,2025,2907.5,habitantes,Habitantes por farmácia/posto,Saúde,Abandono,Sucesso,Pordata,https://www.pordata.pt/municipios/habitantes+por+farmacia+e+posto+farmaceutico+movel-491
Habitantes por farmácia e posto farmacêutico móvel,Ponte da Barca,Município,2025,3706.2,habitantes,Habitantes por farmácia/posto,Saúde,Abandono,Sucesso,Pordata,https://www.pordata.pt/municipios/habitantes+por+farmacia+e+posto+farmaceutico+movel-491
Habitantes por farmácia e posto farmacêutico móvel,Ponte de Lima,Município,2025,4276.1,habitantes,Habitantes por farmácia/posto,Saúde,Abandono,Sucesso,Pordata,https://www.pordata.pt/municipios/habitantes+por+farmacia+e+posto+farmaceutico+movel-491
Habitantes por farmácia e posto farmacêutico móvel,Valença,Município,2025,5234.8,habitantes,Habitantes por farmácia/posto,Saúde,Abandono,Sucesso,Pordata,https://www.pordata.pt/municipios/habitantes+por+farmacia+e+posto+farmaceutico+movel-491
Habitantes por farmácia e posto farmacêutico móvel,Viana do Castelo,Município,2025,3433.8,habitantes,Habitantes por farmácia/posto,Saúde,Abandono,Sucesso,Pordata,https://www.pordata.pt/municipios/habitantes+por+farmacia+e+posto+farmaceutico+movel-491
Habitantes por farmácia e posto farmacêutico móvel,Vila Nova de Cerveira,Município,2025,3358.8,habitantes,Habitantes por farmácia/posto,Saúde,Abandono,Sucesso,Pordata,https://www.pordata.pt/municipios/habitantes+por+farmacia+e+posto+farmaceutico+movel-491
"Profissionais de saúde: médicos, dentistas, enfermeiros e farmacêuticos",Alto Minho,NUTS III,2025,3650,profissionais,Total das quatro profissões,Saúde,Acesso,Cuidados,Pordata,https://www.pordata.pt/municipios/profissionais+de+saude+medicos++dentistas++enfermeiros+e+farmaceuticos-442
"Profissionais de saúde: médicos, dentistas, enfermeiros e farmacêuticos",Arcos de Valdevez,Município,2025,238,profissionais,Total das quatro profissões,Saúde,Acesso,Cuidados,Pordata,https://www.pordata.pt/municipios/profissionais+de+saude+medicos++dentistas++enfermeiros+e+farmaceuticos-442
"Profissionais de saúde: médicos, dentistas, enfermeiros e farmacêuticos",Caminha,Município,2025,271,profissionais,Total das quatro profissões,Saúde,Acesso,Cuidados,Pordata,https://www.pordata.pt/municipios/profissionais+de+saude+medicos++dentistas++enfermeiros+e+farmaceuticos-442
"Profissionais de saúde: médicos, dentistas, enfermeiros e farmacêuticos",Melgaço,Município,2025,76,profissionais,Total das quatro profissões,Saúde,Acesso,Cuidados,Pordata,https://www.pordata.pt/municipios/profissionais+de+saude+medicos++dentistas++enfermeiros+e+farmaceuticos-442
"Profissionais de saúde: médicos, dentistas, enfermeiros e farmacêuticos",Monção,Município,2025,203,profissionais,Total das quatro profissões,Saúde,Acesso,Cuidados,Pordata,https://www.pordata.pt/municipios/profissionais+de+saude+medicos++dentistas++enfermeiros+e+farmaceuticos-442
"Profissionais de saúde: médicos, dentistas, enfermeiros e farmacêuticos",Paredes de Coura,Município,2025,66,profissionais,Total das quatro profissões,Saúde,Acesso,Cuidados,Pordata,https://www.pordata.pt/municipios/profissionais+de+saude+medicos++dentistas++enfermeiros+e+farmaceuticos-442
"Profissionais de saúde: médicos, dentistas, enfermeiros e farmacêuticos",Ponte da Barca,Município,2025,123,profissionais,Total das quatro profissões,Saúde,Acesso,Cuidados,Pordata,https://www.pordata.pt/municipios/profissionais+de+saude+medicos++dentistas++enfermeiros+e+farmaceuticos-442
"Profissionais de saúde: médicos, dentistas, enfermeiros e farmacêuticos",Ponte de Lima,Município,2025,542,profissionais,Total das quatro profissões,Saúde,Acesso,Cuidados,Pordata,https://www.pordata.pt/municipios/profissionais+de+saude+medicos++dentistas++enfermeiros+e+farmaceuticos-442
"Profissionais de saúde: médicos, dentistas, enfermeiros e farmacêuticos",Valença,Município,2025,114,profissionais,Total das quatro profissões,Saúde,Acesso,Cuidados,Pordata,https://www.pordata.pt/municipios/profissionais+de+saude+medicos++dentistas++enfermeiros+e+farmaceuticos-442
"Profissionais de saúde: médicos, dentistas, enfermeiros e farmacêuticos",Viana do Castelo,Município,2025,1917,profissionais,Total das quatro profissões,Saúde,Acesso,Cuidados,Pordata,https://www.pordata.pt/municipios/profissionais+de+saude+medicos++dentistas++enfermeiros+e+farmaceuticos-442
"Profissionais de saúde: médicos, dentistas, enfermeiros e farmacêuticos",Vila Nova de Cerveira,Município,2025,100,profissionais,Total das quatro profissões,Saúde,Acesso,Cuidados,Pordata,https://www.pordata.pt/municipios/profissionais+de+saude+medicos++dentistas++enfermeiros+e+farmaceuticos-442
Beneficiários do Rendimento Mínimo Garantido e Rendimento Social de Inserção da Segurança Social: total e por grupo etário,Alto Minho,NUTS III,2025,2504,pessoas,Total,Proteção Social,Acesso,Cuidados,Pordata,https://www.pordata.pt/municipios/beneficiarios+do+rendimento+minimo+garantido+e+rendimento+social+de+insercao+da+seguranca+social+total+e+por+grupo+etario-515
Beneficiários do Rendimento Mínimo Garantido e Rendimento Social de Inserção da Segurança Social: total e por grupo etário,Arcos de Valdevez,Município,2025,170,pessoas,Total,Proteção Social,Acesso,Cuidados,Pordata,https://www.pordata.pt/municipios/beneficiarios+do+rendimento+minimo+garantido+e+rendimento+social+de+insercao+da+seguranca+social+total+e+por+grupo+etario-515
Beneficiários do Rendimento Mínimo Garantido e Rendimento Social de Inserção da Segurança Social: total e por grupo etário,Caminha,Município,2025,131,pessoas,Total,Proteção Social,Acesso,Cuidados,Pordata,https://www.pordata.pt/municipios/beneficiarios+do+rendimento+minimo+garantido+e+rendimento+social+de+insercao+da+seguranca+social+total+e+por+grupo+etario-515
Beneficiários do Rendimento Mínimo Garantido e Rendimento Social de Inserção da Segurança Social: total e por grupo etário,Melgaço,Município,2025,41,pessoas,Total,Proteção Social,Acesso,Cuidados,Pordata,https://www.pordata.pt/municipios/beneficiarios+do+rendimento+minimo+garantido+e+rendimento+social+de+insercao+da+seguranca+social+total+e+por+grupo+etario-515
Beneficiários do Rendimento Mínimo Garantido e Rendimento Social de Inserção da Segurança Social: total e por grupo etário,Monção,Município,2025,153,pessoas,Total,Proteção Social,Acesso,Cuidados,Pordata,https://www.pordata.pt/municipios/beneficiarios+do+rendimento+minimo+garantido+e+rendimento+social+de+insercao+da+seguranca+social+total+e+por+grupo+etario-515
Beneficiários do Rendimento Mínimo Garantido e Rendimento Social de Inserção da Segurança Social: total e por grupo etário,Paredes de Coura,Município,2025,73,pessoas,Total,Proteção Social,Acesso,Cuidados,Pordata,https://www.pordata.pt/municipios/beneficiarios+do+rendimento+minimo+garantido+e+rendimento+social+de+insercao+da+seguranca+social+total+e+por+grupo+etario-515
Beneficiários do Rendimento Mínimo Garantido e Rendimento Social de Inserção da Segurança Social: total e por grupo etário,Ponte da Barca,Município,2025,85,pessoas,Total,Proteção Social,Acesso,Cuidados,Pordata,https://www.pordata.pt/municipios/beneficiarios+do+rendimento+minimo+garantido+e+rendimento+social+de+insercao+da+seguranca+social+total+e+por+grupo+etario-515
Beneficiários do Rendimento Mínimo Garantido e Rendimento Social de Inserção da Segurança Social: total e por grupo etário,Ponte de Lima,Município,2025,234,pessoas,Total,Proteção Social,Acesso,Cuidados,Pordata,https://www.pordata.pt/municipios/beneficiarios+do+rendimento+minimo+garantido+e+rendimento+social+de+insercao+da+seguranca+social+total+e+por+grupo+etario-515
Beneficiários do Rendimento Mínimo Garantido e Rendimento Social de Inserção da Segurança Social: total e por grupo etário,Valença,Município,2025,311,pessoas,Total,Proteção Social,Acesso,Cuidados,Pordata,https://www.pordata.pt/municipios/beneficiarios+do+rendimento+minimo+garantido+e+rendimento+social+de+insercao+da+seguranca+social+total+e+por+grupo+etario-515
Beneficiários do Rendimento Mínimo Garantido e Rendimento Social de Inserção da Segurança Social: total e por grupo etário,Viana do Castelo,Município,2025,1225,pessoas,Total,Proteção Social,Acesso,Cuidados,Pordata,https://www.pordata.pt/municipios/beneficiarios+do+rendimento+minimo+garantido+e+rendimento+social+de+insercao+da+seguranca+social+total+e+por+grupo+etario-515
Beneficiários do Rendimento Mínimo Garantido e Rendimento Social de Inserção da Segurança Social: total e por grupo etário,Vila Nova de Cerveira,Município,2025,81,pessoas,Total,Proteção Social,Acesso,Cuidados,Pordata,https://www.pordata.pt/municipios/beneficiarios+do+rendimento+minimo+garantido+e+rendimento+social+de+insercao+da+seguranca+social+total+e+por+grupo+etario-515
Beneficiários do Rendimento Mínimo Garantido e Rendimento Social de Inserção da Segurança Social: total e por sexo,Alto Minho,NUTS III,2025,2504,pessoas,Ambos os sexos — total,Proteção Social,Acesso,Cuidados,Pordata,https://www.pordata.pt/municipios/beneficiarios+do+rendimento+minimo+garantido+e+rendimento+social+de+insercao+da+seguranca+social+total+e+por+sexo-513
Beneficiários do Rendimento Mínimo Garantido e Rendimento Social de Inserção da Segurança Social: total e por sexo,Arcos de Valdevez,Município,2025,170,pessoas,Ambos os sexos — total,Proteção Social,Acesso,Cuidados,Pordata,https://www.pordata.pt/municipios/beneficiarios+do+rendimento+minimo+garantido+e+rendimento+social+de+insercao+da+seguranca+social+total+e+por+sexo-513
Beneficiários do Rendimento Mínimo Garantido e Rendimento Social de Inserção da Segurança Social: total e por sexo,Caminha,Município,2025,131,pessoas,Ambos os sexos — total,Proteção Social,Acesso,Cuidados,Pordata,https://www.pordata.pt/municipios/beneficiarios+do+rendimento+minimo+garantido+e+rendimento+social+de+insercao+da+seguranca+social+total+e+por+sexo-513
Beneficiários do Rendimento Mínimo Garantido e Rendimento Social de Inserção da Segurança Social: total e por sexo,Melgaço,Município,2025,41,pessoas,Ambos os sexos — total,Proteção Social,Acesso,Cuidados,Pordata,https://www.pordata.pt/municipios/beneficiarios+do+rendimento+minimo+garantido+e+rendimento+social+de+insercao+da+seguranca+social+total+e+por+sexo-513
Beneficiários do Rendimento Mínimo Garantido e Rendimento Social de Inserção da Segurança Social: total e por sexo,Monção,Município,2025,153,pessoas,Ambos os sexos — total,Proteção Social,Acesso,Cuidados,Pordata,https://www.pordata.pt/municipios/beneficiarios+do+rendimento+minimo+garantido+e+rendimento+social+de+insercao+da+seguranca+social+total+e+por+sexo-513
Beneficiários do Rendimento Mínimo Garantido e Rendimento Social de Inserção da Segurança Social: total e por sexo,Paredes de Coura,Município,2025,73,pessoas,Ambos os sexos — total,Proteção Social,Acesso,Cuidados,Pordata,https://www.pordata.pt/municipios/beneficiarios+do+rendimento+minimo+garantido+e+rendimento+social+de+insercao+da+seguranca+social+total+e+por+sexo-513
Beneficiários do Rendimento Mínimo Garantido e Rendimento Social de Inserção da Segurança Social: total e por sexo,Ponte da Barca,Município,2025,85,pessoas,Ambos os sexos — total,Proteção Social,Acesso,Cuidados,Pordata,https://www.pordata.pt/municipios/beneficiarios+do+rendimento+minimo+garantido+e+rendimento+social+de+insercao+da+seguranca+social+total+e+por+sexo-513
Beneficiários do Rendimento Mínimo Garantido e Rendimento Social de Inserção da Segurança Social: total e por sexo,Ponte de Lima,Município,2025,234,pessoas,Ambos os sexos — total,Proteção Social,Acesso,Cuidados,Pordata,https://www.pordata.pt/municipios/beneficiarios+do+rendimento+minimo+garantido+e+rendimento+social+de+insercao+da+seguranca+social+total+e+por+sexo-513
Beneficiários do Rendimento Mínimo Garantido e Rendimento Social de Inserção da Segurança Social: total e por sexo,Valença,Município,2025,311,pessoas,Ambos os sexos — total,Proteção Social,Acesso,Cuidados,Pordata,https://www.pordata.pt/municipios/beneficiarios+do+rendimento+minimo+garantido+e+rendimento+social+de+insercao+da+seguranca+social+total+e+por+sexo-513
Beneficiários do Rendimento Mínimo Garantido e Rendimento Social de Inserção da Segurança Social: total e por sexo,Viana do Castelo,Município,2025,1225,pessoas,Ambos os sexos — total,Proteção Social,Acesso,Cuidados,Pordata,https://www.pordata.pt/municipios/beneficiarios+do+rendimento+minimo+garantido+e+rendimento+social+de+insercao+da+seguranca+social+total+e+por+sexo-513
Beneficiários do Rendimento Mínimo Garantido e Rendimento Social de Inserção da Segurança Social: total e por sexo,Vila Nova de Cerveira,Município,2025,81,pessoas,Ambos os sexos — total,Proteção Social,Acesso,Cuidados,Pordata,https://www.pordata.pt/municipios/beneficiarios+do+rendimento+minimo+garantido+e+rendimento+social+de+insercao+da+seguranca+social+total+e+por+sexo-513
"Pensões da Segurança Social: total, de sobrevivência, de invalidez e de velhice",Alto Minho,NUTS III,2025,72292,pensões,Total,Proteção Social,Acesso,Cuidados,Pordata,https://www.pordata.pt/municipios/pensoes+da+seguranca+social+total++de+sobrevivencia++de+invalidez+e+de+velhice-506
"Pensões da Segurança Social: total, de sobrevivência, de invalidez e de velhice",Arcos de Valdevez,Município,2025,7125,pensões,Total,Proteção Social,Acesso,Cuidados,Pordata,https://www.pordata.pt/municipios/pensoes+da+seguranca+social+total++de+sobrevivencia++de+invalidez+e+de+velhice-506
"Pensões da Segurança Social: total, de sobrevivência, de invalidez e de velhice",Caminha,Município,2025,5333,pensões,Total,Proteção Social,Acesso,Cuidados,Pordata,https://www.pordata.pt/municipios/pensoes+da+seguranca+social+total++de+sobrevivencia++de+invalidez+e+de+velhice-506
"Pensões da Segurança Social: total, de sobrevivência, de invalidez e de velhice",Melgaço,Município,2025,2218,pensões,Total,Proteção Social,Acesso,Cuidados,Pordata,https://www.pordata.pt/municipios/pensoes+da+seguranca+social+total++de+sobrevivencia++de+invalidez+e+de+velhice-506
"Pensões da Segurança Social: total, de sobrevivência, de invalidez e de velhice",Monção,Município,2025,5717,pensões,Total,Proteção Social,Acesso,Cuidados,Pordata,https://www.pordata.pt/municipios/pensoes+da+seguranca+social+total++de+sobrevivencia++de+invalidez+e+de+velhice-506
"Pensões da Segurança Social: total, de sobrevivência, de invalidez e de velhice",Paredes de Coura,Município,2025,2766,pensões,Total,Proteção Social,Acesso,Cuidados,Pordata,https://www.pordata.pt/municipios/pensoes+da+seguranca+social+total++de+sobrevivencia++de+invalidez+e+de+velhice-506
"Pensões da Segurança Social: total, de sobrevivência, de invalidez e de velhice",Ponte da Barca,Município,2025,3764,pensões,Total,Proteção Social,Acesso,Cuidados,Pordata,https://www.pordata.pt/municipios/pensoes+da+seguranca+social+total++de+sobrevivencia++de+invalidez+e+de+velhice-506
"Pensões da Segurança Social: total, de sobrevivência, de invalidez e de velhice",Ponte de Lima,Município,2025,12404,pensões,Total,Proteção Social,Acesso,Cuidados,Pordata,https://www.pordata.pt/municipios/pensoes+da+seguranca+social+total++de+sobrevivencia++de+invalidez+e+de+velhice-506
"Pensões da Segurança Social: total, de sobrevivência, de invalidez e de velhice",Valença,Município,2025,4037,pensões,Total,Proteção Social,Acesso,Cuidados,Pordata,https://www.pordata.pt/municipios/pensoes+da+seguranca+social+total++de+sobrevivencia++de+invalidez+e+de+velhice-506
"Pensões da Segurança Social: total, de sobrevivência, de invalidez e de velhice",Viana do Castelo,Município,2025,26048,pensões,Total,Proteção Social,Acesso,Cuidados,Pordata,https://www.pordata.pt/municipios/pensoes+da+seguranca+social+total++de+sobrevivencia++de+invalidez+e+de+velhice-506
"Pensões da Segurança Social: total, de sobrevivência, de invalidez e de velhice",Vila Nova de Cerveira,Município,2025,2880,pensões,Total,Proteção Social,Acesso,Cuidados,Pordata,https://www.pordata.pt/municipios/pensoes+da+seguranca+social+total++de+sobrevivencia++de+invalidez+e+de+velhice-506
Subsídio por assistência à 3ª pessoa da Segurança Social,Alto Minho,NUTS III,2025,205,beneficiários,Total,Proteção Social,Acesso,Cuidados,Pordata,https://www.pordata.pt/municipios/subsidio+por+assistencia+a+3%c2%aa+pessoa+da+seguranca+social-525
Subsídio por assistência à 3ª pessoa da Segurança Social,Arcos de Valdevez,Município,2025,13,beneficiários,Total,Proteção Social,Acesso,Cuidados,Pordata,https://www.pordata.pt/municipios/subsidio+por+assistencia+a+3%c2%aa+pessoa+da+seguranca+social-525
Subsídio por assistência à 3ª pessoa da Segurança Social,Caminha,Município,2025,8,beneficiários,Total,Proteção Social,Acesso,Cuidados,Pordata,https://www.pordata.pt/municipios/subsidio+por+assistencia+a+3%c2%aa+pessoa+da+seguranca+social-525
Subsídio por assistência à 3ª pessoa da Segurança Social,Melgaço,Município,2025,3,beneficiários,Total,Proteção Social,Acesso,Cuidados,Pordata,https://www.pordata.pt/municipios/subsidio+por+assistencia+a+3%c2%aa+pessoa+da+seguranca+social-525
Subsídio por assistência à 3ª pessoa da Segurança Social,Monção,Município,2025,19,beneficiários,Total,Proteção Social,Acesso,Cuidados,Pordata,https://www.pordata.pt/municipios/subsidio+por+assistencia+a+3%c2%aa+pessoa+da+seguranca+social-525
Subsídio por assistência à 3ª pessoa da Segurança Social,Paredes de Coura,Município,2025,6,beneficiários,Total,Proteção Social,Acesso,Cuidados,Pordata,https://www.pordata.pt/municipios/subsidio+por+assistencia+a+3%c2%aa+pessoa+da+seguranca+social-525
Subsídio por assistência à 3ª pessoa da Segurança Social,Ponte da Barca,Município,2025,11,beneficiários,Total,Proteção Social,Acesso,Cuidados,Pordata,https://www.pordata.pt/municipios/subsidio+por+assistencia+a+3%c2%aa+pessoa+da+seguranca+social-525
Subsídio por assistência à 3ª pessoa da Segurança Social,Ponte de Lima,Município,2025,35,beneficiários,Total,Proteção Social,Acesso,Cuidados,Pordata,https://www.pordata.pt/municipios/subsidio+por+assistencia+a+3%c2%aa+pessoa+da+seguranca+social-525
Subsídio por assistência à 3ª pessoa da Segurança Social,Valença,Município,2025,10,beneficiários,Total,Proteção Social,Acesso,Cuidados,Pordata,https://www.pordata.pt/municipios/subsidio+por+assistencia+a+3%c2%aa+pessoa+da+seguranca+social-525
Subsídio por assistência à 3ª pessoa da Segurança Social,Viana do Castelo,Município,2025,90,beneficiários,Total,Proteção Social,Acesso,Cuidados,Pordata,https://www.pordata.pt/municipios/subsidio+por+assistencia+a+3%c2%aa+pessoa+da+seguranca+social-525
Subsídio por assistência à 3ª pessoa da Segurança Social,Vila Nova de Cerveira,Município,2025,10,beneficiários,Total,Proteção Social,Acesso,Cuidados,Pordata,https://www.pordata.pt/municipios/subsidio+por+assistencia+a+3%c2%aa+pessoa+da+seguranca+social-525
"Pensões: total, da Segurança Social e da Caixa Geral de Aposentações",Alto Minho,NUTS III,2025,84612,pensões,Total,Proteção Social,Acesso,Cuidados,Pordata,https://www.pordata.pt/municipios/pensoes+total++da+seguranca+social+e+da+caixa+geral+de+aposentacoes-549
"Pensões: total, da Segurança Social e da Caixa Geral de Aposentações",Arcos de Valdevez,Município,2025,7887,pensões,Total,Proteção Social,Acesso,Cuidados,Pordata,https://www.pordata.pt/municipios/pensoes+total++da+seguranca+social+e+da+caixa+geral+de+aposentacoes-549
"Pensões: total, da Segurança Social e da Caixa Geral de Aposentações",Caminha,Município,2025,6382,pensões,Total,Proteção Social,Acesso,Cuidados,Pordata,https://www.pordata.pt/municipios/pensoes+total++da+seguranca+social+e+da+caixa+geral+de+aposentacoes-549
"Pensões: total, da Segurança Social e da Caixa Geral de Aposentações",Melgaço,Município,2025,2658,pensões,Total,Proteção Social,Acesso,Cuidados,Pordata,https://www.pordata.pt/municipios/pensoes+total++da+seguranca+social+e+da+caixa+geral+de+aposentacoes-549
"Pensões: total, da Segurança Social e da Caixa Geral de Aposentações",Monção,Município,2025,6600,pensões,Total,Proteção Social,Acesso,Cuidados,Pordata,https://www.pordata.pt/municipios/pensoes+total++da+seguranca+social+e+da+caixa+geral+de+aposentacoes-549
"Pensões: total, da Segurança Social e da Caixa Geral de Aposentações",Paredes de Coura,Município,2025,3212,pensões,Total,Proteção Social,Acesso,Cuidados,Pordata,https://www.pordata.pt/municipios/pensoes+total++da+seguranca+social+e+da+caixa+geral+de+aposentacoes-549
"Pensões: total, da Segurança Social e da Caixa Geral de Aposentações",Ponte da Barca,Município,2025,4218,pensões,Total,Proteção Social,Acesso,Cuidados,Pordata,https://www.pordata.pt/municipios/pensoes+total++da+seguranca+social+e+da+caixa+geral+de+aposentacoes-549
"Pensões: total, da Segurança Social e da Caixa Geral de Aposentações",Ponte de Lima,Município,2025,13843,pensões,Total,Proteção Social,Acesso,Cuidados,Pordata,https://www.pordata.pt/municipios/pensoes+total++da+seguranca+social+e+da+caixa+geral+de+aposentacoes-549
"Pensões: total, da Segurança Social e da Caixa Geral de Aposentações",Valença,Município,2025,4812,pensões,Total,Proteção Social,Acesso,Cuidados,Pordata,https://www.pordata.pt/municipios/pensoes+total++da+seguranca+social+e+da+caixa+geral+de+aposentacoes-549
"Pensões: total, da Segurança Social e da Caixa Geral de Aposentações",Viana do Castelo,Município,2025,31580,pensões,Total,Proteção Social,Acesso,Cuidados,Pordata,https://www.pordata.pt/municipios/pensoes+total++da+seguranca+social+e+da+caixa+geral+de+aposentacoes-549
"Pensões: total, da Segurança Social e da Caixa Geral de Aposentações",Vila Nova de Cerveira,Município,2025,3420,pensões,Total,Proteção Social,Acesso,Cuidados,Pordata,https://www.pordata.pt/municipios/pensoes+total++da+seguranca+social+e+da+caixa+geral+de+aposentacoes-549
Beneficiários do subsídio de desemprego da Segurança Social no total de beneficiários ativos (%),Alto Minho,NUTS III,2025,2.7,%,Total,Proteção Social,Acesso,Cuidados,Pordata,https://www.pordata.pt/municipios/beneficiarios+do+subsidio+de+desemprego+da+seguranca+social+no+total+de+beneficiarios+ativos+(percentagem)-544
Beneficiários do subsídio de desemprego da Segurança Social no total de beneficiários ativos (%),Arcos de Valdevez,Município,2025,3.3,%,Total,Proteção Social,Acesso,Cuidados,Pordata,https://www.pordata.pt/municipios/beneficiarios+do+subsidio+de+desemprego+da+seguranca+social+no+total+de+beneficiarios+ativos+(percentagem)-544
Beneficiários do subsídio de desemprego da Segurança Social no total de beneficiários ativos (%),Caminha,Município,2025,2.7,%,Total,Proteção Social,Acesso,Cuidados,Pordata,https://www.pordata.pt/municipios/beneficiarios+do+subsidio+de+desemprego+da+seguranca+social+no+total+de+beneficiarios+ativos+(percentagem)-544
Beneficiários do subsídio de desemprego da Segurança Social no total de beneficiários ativos (%),Melgaço,Município,2025,1.7,%,Total,Proteção Social,Acesso,Cuidados,Pordata,https://www.pordata.pt/municipios/beneficiarios+do+subsidio+de+desemprego+da+seguranca+social+no+total+de+beneficiarios+ativos+(percentagem)-544
Beneficiários do subsídio de desemprego da Segurança Social no total de beneficiários ativos (%),Monção,Município,2025,2.8,%,Total,Proteção Social,Acesso,Cuidados,Pordata,https://www.pordata.pt/municipios/beneficiarios+do+subsidio+de+desemprego+da+seguranca+social+no+total+de+beneficiarios+ativos+(percentagem)-544
Beneficiários do subsídio de desemprego da Segurança Social no total de beneficiários ativos (%),Paredes de Coura,Município,2025,3.7,%,Total,Proteção Social,Acesso,Cuidados,Pordata,https://www.pordata.pt/municipios/beneficiarios+do+subsidio+de+desemprego+da+seguranca+social+no+total+de+beneficiarios+ativos+(percentagem)-544
Beneficiários do subsídio de desemprego da Segurança Social no total de beneficiários ativos (%),Ponte da Barca,Município,2025,3.2,%,Total,Proteção Social,Acesso,Cuidados,Pordata,https://www.pordata.pt/municipios/beneficiarios+do+subsidio+de+desemprego+da+seguranca+social+no+total+de+beneficiarios+ativos+(percentagem)-544
Beneficiários do subsídio de desemprego da Segurança Social no total de beneficiários ativos (%),Ponte de Lima,Município,2025,2.1,%,Total,Proteção Social,Acesso,Cuidados,Pordata,https://www.pordata.pt/municipios/beneficiarios+do+subsidio+de+desemprego+da+seguranca+social+no+total+de+beneficiarios+ativos+(percentagem)-544
Beneficiários do subsídio de desemprego da Segurança Social no total de beneficiários ativos (%),Valença,Município,2025,3.7,%,Total,Proteção Social,Acesso,Cuidados,Pordata,https://www.pordata.pt/municipios/beneficiarios+do+subsidio+de+desemprego+da+seguranca+social+no+total+de+beneficiarios+ativos+(percentagem)-544
Beneficiários do subsídio de desemprego da Segurança Social no total de beneficiários ativos (%),Viana do Castelo,Município,2025,2.5,%,Total,Proteção Social,Acesso,Cuidados,Pordata,https://www.pordata.pt/municipios/beneficiarios+do+subsidio+de+desemprego+da+seguranca+social+no+total+de+beneficiarios+ativos+(percentagem)-544
Beneficiários do subsídio de desemprego da Segurança Social no total de beneficiários ativos (%),Vila Nova de Cerveira,Município,2025,3.5,%,Total,Proteção Social,Acesso,Cuidados,Pordata,https://www.pordata.pt/municipios/beneficiarios+do+subsidio+de+desemprego+da+seguranca+social+no+total+de+beneficiarios+ativos+(percentagem)-544
Beneficiários do Rendimento Mínimo Garantido e Rendimento Social de Inserção da Segurança Social no total da população residente com 15 e mais anos (%),Alto Minho,NUTS III,2025,1.2,%,Total,Proteção Social,Acesso,Cuidados,Pordata,https://www.pordata.pt/municipios/beneficiarios+do+rendimento+minimo+garantido+e+rendimento+social+de+insercao+da+seguranca+social+no+total+da+populacao+residente+com+15+e+mais+anos+(percentagem)-715
Beneficiários do Rendimento Mínimo Garantido e Rendimento Social de Inserção da Segurança Social no total da população residente com 15 e mais anos (%),Arcos de Valdevez,Município,2025,0.9,%,Total,Proteção Social,Acesso,Cuidados,Pordata,https://www.pordata.pt/municipios/beneficiarios+do+rendimento+minimo+garantido+e+rendimento+social+de+insercao+da+seguranca+social+no+total+da+populacao+residente+com+15+e+mais+anos+(percentagem)-715
Beneficiários do Rendimento Mínimo Garantido e Rendimento Social de Inserção da Segurança Social no total da população residente com 15 e mais anos (%),Caminha,Município,2025,0.9,%,Total,Proteção Social,Acesso,Cuidados,Pordata,https://www.pordata.pt/municipios/beneficiarios+do+rendimento+minimo+garantido+e+rendimento+social+de+insercao+da+seguranca+social+no+total+da+populacao+residente+com+15+e+mais+anos+(percentagem)-715
Beneficiários do Rendimento Mínimo Garantido e Rendimento Social de Inserção da Segurança Social no total da população residente com 15 e mais anos (%),Melgaço,Município,2025,0.6,%,Total,Proteção Social,Acesso,Cuidados,Pordata,https://www.pordata.pt/municipios/beneficiarios+do+rendimento+minimo+garantido+e+rendimento+social+de+insercao+da+seguranca+social+no+total+da+populacao+residente+com+15+e+mais+anos+(percentagem)-715
Beneficiários do Rendimento Mínimo Garantido e Rendimento Social de Inserção da Segurança Social no total da população residente com 15 e mais anos (%),Monção,Município,2025,0.9,%,Total,Proteção Social,Acesso,Cuidados,Pordata,https://www.pordata.pt/municipios/beneficiarios+do+rendimento+minimo+garantido+e+rendimento+social+de+insercao+da+seguranca+social+no+total+da+populacao+residente+com+15+e+mais+anos+(percentagem)-715
Beneficiários do Rendimento Mínimo Garantido e Rendimento Social de Inserção da Segurança Social no total da população residente com 15 e mais anos (%),Paredes de Coura,Município,2025,0.9,%,Total,Proteção Social,Acesso,Cuidados,Pordata,https://www.pordata.pt/municipios/beneficiarios+do+rendimento+minimo+garantido+e+rendimento+social+de+insercao+da+seguranca+social+no+total+da+populacao+residente+com+15+e+mais+anos+(percentagem)-715
Beneficiários do Rendimento Mínimo Garantido e Rendimento Social de Inserção da Segurança Social no total da população residente com 15 e mais anos (%),Ponte da Barca,Município,2025,0.9,%,Total,Proteção Social,Acesso,Cuidados,Pordata,https://www.pordata.pt/municipios/beneficiarios+do+rendimento+minimo+garantido+e+rendimento+social+de+insercao+da+seguranca+social+no+total+da+populacao+residente+com+15+e+mais+anos+(percentagem)-715
Beneficiários do Rendimento Mínimo Garantido e Rendimento Social de Inserção da Segurança Social no total da população residente com 15 e mais anos (%),Ponte de Lima,Município,2025,0.6,%,Total,Proteção Social,Acesso,Cuidados,Pordata,https://www.pordata.pt/municipios/beneficiarios+do+rendimento+minimo+garantido+e+rendimento+social+de+insercao+da+seguranca+social+no+total+da+populacao+residente+com+15+e+mais+anos+(percentagem)-715
Beneficiários do Rendimento Mínimo Garantido e Rendimento Social de Inserção da Segurança Social no total da população residente com 15 e mais anos (%),Valença,Município,2025,2.3,%,Total,Proteção Social,Acesso,Cuidados,Pordata,https://www.pordata.pt/municipios/beneficiarios+do+rendimento+minimo+garantido+e+rendimento+social+de+insercao+da+seguranca+social+no+total+da+populacao+residente+com+15+e+mais+anos+(percentagem)-715
Beneficiários do Rendimento Mínimo Garantido e Rendimento Social de Inserção da Segurança Social no total da população residente com 15 e mais anos (%),Viana do Castelo,Município,2025,1.5,%,Total,Proteção Social,Acesso,Cuidados,Pordata,https://www.pordata.pt/municipios/beneficiarios+do+rendimento+minimo+garantido+e+rendimento+social+de+insercao+da+seguranca+social+no+total+da+populacao+residente+com+15+e+mais+anos+(percentagem)-715
Beneficiários do Rendimento Mínimo Garantido e Rendimento Social de Inserção da Segurança Social no total da população residente com 15 e mais anos (%),Vila Nova de Cerveira,Município,2025,0.9,%,Total,Proteção Social,Acesso,Cuidados,Pordata,https://www.pordata.pt/municipios/beneficiarios+do+rendimento+minimo+garantido+e+rendimento+social+de+insercao+da+seguranca+social+no+total+da+populacao+residente+com+15+e+mais+anos+(percentagem)-715
Abono de família para crianças e jovens da Segurança Social,Alto Minho,NUTS III,2025,17519,beneficiários,Total,Proteção Social,Acesso,Cuidados,Pordata,https://www.pordata.pt/municipios/abono+de+familia+para+criancas+e+jovens+da+seguranca+social-522
Abono de família para crianças e jovens da Segurança Social,Arcos de Valdevez,Município,2025,1455,beneficiários,Total,Proteção Social,Acesso,Cuidados,Pordata,https://www.pordata.pt/municipios/abono+de+familia+para+criancas+e+jovens+da+seguranca+social-522
Abono de família para crianças e jovens da Segurança Social,Caminha,Município,2025,1210,beneficiários,Total,Proteção Social,Acesso,Cuidados,Pordata,https://www.pordata.pt/municipios/abono+de+familia+para+criancas+e+jovens+da+seguranca+social-522
Abono de família para crianças e jovens da Segurança Social,Melgaço,Município,2025,405,beneficiários,Total,Proteção Social,Acesso,Cuidados,Pordata,https://www.pordata.pt/municipios/abono+de+familia+para+criancas+e+jovens+da+seguranca+social-522
Abono de família para crianças e jovens da Segurança Social,Monção,Município,2025,1343,beneficiários,Total,Proteção Social,Acesso,Cuidados,Pordata,https://www.pordata.pt/municipios/abono+de+familia+para+criancas+e+jovens+da+seguranca+social-522
Abono de família para crianças e jovens da Segurança Social,Paredes de Coura,Município,2025,657,beneficiários,Total,Proteção Social,Acesso,Cuidados,Pordata,https://www.pordata.pt/municipios/abono+de+familia+para+criancas+e+jovens+da+seguranca+social-522
Abono de família para crianças e jovens da Segurança Social,Ponte da Barca,Município,2025,846,beneficiários,Total,Proteção Social,Acesso,Cuidados,Pordata,https://www.pordata.pt/municipios/abono+de+familia+para+criancas+e+jovens+da+seguranca+social-522
Abono de família para crianças e jovens da Segurança Social,Ponte de Lima,Município,2025,3360,beneficiários,Total,Proteção Social,Acesso,Cuidados,Pordata,https://www.pordata.pt/municipios/abono+de+familia+para+criancas+e+jovens+da+seguranca+social-522
Abono de família para crianças e jovens da Segurança Social,Valença,Município,2025,1301,beneficiários,Total,Proteção Social,Acesso,Cuidados,Pordata,https://www.pordata.pt/municipios/abono+de+familia+para+criancas+e+jovens+da+seguranca+social-522
Abono de família para crianças e jovens da Segurança Social,Viana do Castelo,Município,2025,6210,beneficiários,Total,Proteção Social,Acesso,Cuidados,Pordata,https://www.pordata.pt/municipios/abono+de+familia+para+criancas+e+jovens+da+seguranca+social-522
Abono de família para crianças e jovens da Segurança Social,Vila Nova de Cerveira,Município,2025,732,beneficiários,Total,Proteção Social,Acesso,Cuidados,Pordata,https://www.pordata.pt/municipios/abono+de+familia+para+criancas+e+jovens+da+seguranca+social-522
Caixa Geral de Aposentações: reformados/aposentados e pensionistas,Alto Minho,NUTS III,2025,12320,pessoas,Total,Proteção Social,Acesso,Cuidados,Pordata,https://www.pordata.pt/municipios/caixa+geral+de+aposentacoes+reformados+aposentados+e+pensionistas-493
Caixa Geral de Aposentações: reformados/aposentados e pensionistas,Arcos de Valdevez,Município,2025,762,pessoas,Total,Proteção Social,Acesso,Cuidados,Pordata,https://www.pordata.pt/municipios/caixa+geral+de+aposentacoes+reformados+aposentados+e+pensionistas-493
Caixa Geral de Aposentações: reformados/aposentados e pensionistas,Caminha,Município,2025,1049,pessoas,Total,Proteção Social,Acesso,Cuidados,Pordata,https://www.pordata.pt/municipios/caixa+geral+de+aposentacoes+reformados+aposentados+e+pensionistas-493
Caixa Geral de Aposentações: reformados/aposentados e pensionistas,Melgaço,Município,2025,440,pessoas,Total,Proteção Social,Acesso,Cuidados,Pordata,https://www.pordata.pt/municipios/caixa+geral+de+aposentacoes+reformados+aposentados+e+pensionistas-493
Caixa Geral de Aposentações: reformados/aposentados e pensionistas,Monção,Município,2025,883,pessoas,Total,Proteção Social,Acesso,Cuidados,Pordata,https://www.pordata.pt/municipios/caixa+geral+de+aposentacoes+reformados+aposentados+e+pensionistas-493
Caixa Geral de Aposentações: reformados/aposentados e pensionistas,Paredes de Coura,Município,2025,446,pessoas,Total,Proteção Social,Acesso,Cuidados,Pordata,https://www.pordata.pt/municipios/caixa+geral+de+aposentacoes+reformados+aposentados+e+pensionistas-493
Caixa Geral de Aposentações: reformados/aposentados e pensionistas,Ponte da Barca,Município,2025,454,pessoas,Total,Proteção Social,Acesso,Cuidados,Pordata,https://www.pordata.pt/municipios/caixa+geral+de+aposentacoes+reformados+aposentados+e+pensionistas-493
Caixa Geral de Aposentações: reformados/aposentados e pensionistas,Ponte de Lima,Município,2025,1439,pessoas,Total,Proteção Social,Acesso,Cuidados,Pordata,https://www.pordata.pt/municipios/caixa+geral+de+aposentacoes+reformados+aposentados+e+pensionistas-493
Caixa Geral de Aposentações: reformados/aposentados e pensionistas,Valença,Município,2025,775,pessoas,Total,Proteção Social,Acesso,Cuidados,Pordata,https://www.pordata.pt/municipios/caixa+geral+de+aposentacoes+reformados+aposentados+e+pensionistas-493
Caixa Geral de Aposentações: reformados/aposentados e pensionistas,Viana do Castelo,Município,2025,5532,pessoas,Total,Proteção Social,Acesso,Cuidados,Pordata,https://www.pordata.pt/municipios/caixa+geral+de+aposentacoes+reformados+aposentados+e+pensionistas-493
Caixa Geral de Aposentações: reformados/aposentados e pensionistas,Vila Nova de Cerveira,Município,2025,540,pessoas,Total,Proteção Social,Acesso,Cuidados,Pordata,https://www.pordata.pt/municipios/caixa+geral+de+aposentacoes+reformados+aposentados+e+pensionistas-493
Pop. Estrangeira c/ estatuto residente,Alto Minho,NUTS III,2023,13145,pessoas,Total,Proteção Social,População imigrante,População imigrante,Pordata,https://www.pordata.pt/municipios/populacao+estrangeira+com+estatuto+legal+de+residente+total+e+por+algumas+nacionalidades-101
Pop. Estrangeira c/ estatuto residente,Arcos de Valdevez,Município,2023,543,pessoas,Total,Proteção Social,População imigrante,População imigrante,Pordata,https://www.pordata.pt/municipios/populacao+estrangeira+com+estatuto+legal+de+residente+total+e+por+algumas+nacionalidades-101
Pop. Estrangeira c/ estatuto residente,Caminha,Município,2023,1086,pessoas,Total,Proteção Social,População imigrante,População imigrante,Pordata,https://www.pordata.pt/municipios/populacao+estrangeira+com+estatuto+legal+de+residente+total+e+por+algumas+nacionalidades-101
Pop. Estrangeira c/ estatuto residente,Melgaço,Município,2023,219,pessoas,Total,Proteção Social,População imigrante,População imigrante,Pordata,https://www.pordata.pt/municipios/populacao+estrangeira+com+estatuto+legal+de+residente+total+e+por+algumas+nacionalidades-101
Pop. Estrangeira c/ estatuto residente,Monção,Município,2023,1389,pessoas,Total,Proteção Social,População imigrante,População imigrante,Pordata,https://www.pordata.pt/municipios/populacao+estrangeira+com+estatuto+legal+de+residente+total+e+por+algumas+nacionalidades-101
Pop. Estrangeira c/ estatuto residente,Paredes de Coura,Município,2023,284,pessoas,Total,Proteção Social,População imigrante,População imigrante,Pordata,https://www.pordata.pt/municipios/populacao+estrangeira+com+estatuto+legal+de+residente+total+e+por+algumas+nacionalidades-101
Pop. Estrangeira c/ estatuto residente,Ponte da Barca,Município,2023,221,pessoas,Total,Proteção Social,População imigrante,População imigrante,Pordata,https://www.pordata.pt/municipios/populacao+estrangeira+com+estatuto+legal+de+residente+total+e+por+algumas+nacionalidades-101
Pop. Estrangeira c/ estatuto residente,Ponte de Lima,Município,2023,1060,pessoas,Total,Proteção Social,População imigrante,População imigrante,Pordata,https://www.pordata.pt/municipios/populacao+estrangeira+com+estatuto+legal+de+residente+total+e+por+algumas+nacionalidades-101
Pop. Estrangeira c/ estatuto residente,Valença,Município,2023,1885,pessoas,Total,Proteção Social,População imigrante,População imigrante,Pordata,https://www.pordata.pt/municipios/populacao+estrangeira+com+estatuto+legal+de+residente+total+e+por+algumas+nacionalidades-101
Pop. Estrangeira c/ estatuto residente,Viana do Castelo,Município,2023,5450,pessoas,Total,Proteção Social,População imigrante,População imigrante,Pordata,https://www.pordata.pt/municipios/populacao+estrangeira+com+estatuto+legal+de+residente+total+e+por+algumas+nacionalidades-101
Pop. Estrangeira c/ estatuto residente,Vila Nova de Cerveira,Município,2023,1008,pessoas,Total,Proteção Social,População imigrante,População imigrante,Pordata,https://www.pordata.pt/municipios/populacao+estrangeira+com+estatuto+legal+de+residente+total+e+por+algumas+nacionalidades-101
Diferença salarial H/M (%),Alto Minho,NUTS III,2024,13.2086,%,Diferença do ganho médio mensal face aos homens,Proteção Social,Igualdade de género,Igualdade de género,INE,https://www.ine.pt/xportal/xmain?xpid=INE&xpgid=ine_indicadores&indOcorrCod=0012649&contexto=bd&selTab=tab2
Diferença salarial H/M (%),Arcos de Valdevez,Município,2024,11.0215,%,Diferença do ganho médio mensal face aos homens,Proteção Social,Igualdade de género,Igualdade de género,INE,https://www.ine.pt/xportal/xmain?xpid=INE&xpgid=ine_indicadores&indOcorrCod=0012649&contexto=bd&selTab=tab2
Diferença salarial H/M (%),Caminha,Município,2024,2.9594,%,Diferença do ganho médio mensal face aos homens,Proteção Social,Igualdade de género,Igualdade de género,INE,https://www.ine.pt/xportal/xmain?xpid=INE&xpgid=ine_indicadores&indOcorrCod=0012649&contexto=bd&selTab=tab2
Diferença salarial H/M (%),Melgaço,Município,2024,12.9326,%,Diferença do ganho médio mensal face aos homens,Proteção Social,Igualdade de género,Igualdade de género,INE,https://www.ine.pt/xportal/xmain?xpid=INE&xpgid=ine_indicadores&indOcorrCod=0012649&contexto=bd&selTab=tab2
Diferença salarial H/M (%),Monção,Município,2024,14.5315,%,Diferença do ganho médio mensal face aos homens,Proteção Social,Igualdade de género,Igualdade de género,INE,https://www.ine.pt/xportal/xmain?xpid=INE&xpgid=ine_indicadores&indOcorrCod=0012649&contexto=bd&selTab=tab2
Diferença salarial H/M (%),Paredes de Coura,Município,2024,11.9895,%,Diferença do ganho médio mensal face aos homens,Proteção Social,Igualdade de género,Igualdade de género,INE,https://www.ine.pt/xportal/xmain?xpid=INE&xpgid=ine_indicadores&indOcorrCod=0012649&contexto=bd&selTab=tab2
Diferença salarial H/M (%),Ponte da Barca,Município,2024,14.5922,%,Diferença do ganho médio mensal face aos homens,Proteção Social,Igualdade de género,Igualdade de género,INE,https://www.ine.pt/xportal/xmain?xpid=INE&xpgid=ine_indicadores&indOcorrCod=0012649&contexto=bd&selTab=tab2
Diferença salarial H/M (%),Ponte de Lima,Município,2024,9.4288,%,Diferença do ganho médio mensal face aos homens,Proteção Social,Igualdade de género,Igualdade de género,INE,https://www.ine.pt/xportal/xmain?xpid=INE&xpgid=ine_indicadores&indOcorrCod=0012649&contexto=bd&selTab=tab2
Diferença salarial H/M (%),Valença,Município,2024,14.4887,%,Diferença do ganho médio mensal face aos homens,Proteção Social,Igualdade de género,Igualdade de género,INE,https://www.ine.pt/xportal/xmain?xpid=INE&xpgid=ine_indicadores&indOcorrCod=0012649&contexto=bd&selTab=tab2
Diferença salarial H/M (%),Viana do Castelo,Município,2024,13.2809,%,Diferença do ganho médio mensal face aos homens,Proteção Social,Igualdade de género,Igualdade de género,INE,https://www.ine.pt/xportal/xmain?xpid=INE&xpgid=ine_indicadores&indOcorrCod=0012649&contexto=bd&selTab=tab2
Diferença salarial H/M (%),Vila Nova de Cerveira,Município,2024,16.79,%,Diferença do ganho médio mensal face aos homens,Proteção Social,Igualdade de género,Igualdade de género,INE,https://www.ine.pt/xportal/xmain?xpid=INE&xpgid=ine_indicadores&indOcorrCod=0012649&contexto=bd&selTab=tab2
% famílias monoparentais,Alto Minho,NUTS III,2021,11282,núcleos,Núcleos familiares monoparentais (N.º),Família,Estrutura,Tipologia,INE,https://www.ine.pt/
% famílias monoparentais,Arcos de Valdevez,Município,2021,972,núcleos,Núcleos familiares monoparentais (N.º),Família,Estrutura,Tipologia,INE,https://www.ine.pt/
% famílias monoparentais,Caminha,Município,2021,872,núcleos,Núcleos familiares monoparentais (N.º),Família,Estrutura,Tipologia,INE,https://www.ine.pt/
% famílias monoparentais,Melgaço,Município,2021,421,núcleos,Núcleos familiares monoparentais (N.º),Família,Estrutura,Tipologia,INE,https://www.ine.pt/
% famílias monoparentais,Monção,Município,2021,917,núcleos,Núcleos familiares monoparentais (N.º),Família,Estrutura,Tipologia,INE,https://www.ine.pt/
% famílias monoparentais,Paredes de Coura,Município,2021,337,núcleos,Núcleos familiares monoparentais (N.º),Família,Estrutura,Tipologia,INE,https://www.ine.pt/
% famílias monoparentais,Ponte da Barca,Município,2021,579,núcleos,Núcleos familiares monoparentais (N.º),Família,Estrutura,Tipologia,INE,https://www.ine.pt/
% famílias monoparentais,Ponte de Lima,Município,2021,1802,núcleos,Núcleos familiares monoparentais (N.º),Família,Estrutura,Tipologia,INE,https://www.ine.pt/
% famílias monoparentais,Valença,Município,2021,795,núcleos,Núcleos familiares monoparentais (N.º),Família,Estrutura,Tipologia,INE,https://www.ine.pt/
% famílias monoparentais,Viana do Castelo,Município,2021,4174,núcleos,Núcleos familiares monoparentais (N.º),Família,Estrutura,Tipologia,INE,https://www.ine.pt/
% famílias monoparentais,Vila Nova de Cerveira,Município,2021,413,núcleos,Núcleos familiares monoparentais (N.º),Família,Estrutura,Tipologia,INE,https://www.ine.pt/
Proporção de pop. residente em movimentos pendulares,Alto Minho,NUTS III,2021,6.47,%,População em movimentos pendulares,Mobilidade,Transportes,Movimentos,INE,https://www.ine.pt/xportal/xmain?xpid=INE&xpgid=ine_indicadores&indOcorrCod=0011655&contexto=bd&selTab=tab2
Proporção de pop. residente em movimentos pendulares,Arcos de Valdevez,Município,2021,11.3,%,População em movimentos pendulares,Mobilidade,Transportes,Movimentos,INE,https://www.ine.pt/xportal/xmain?xpid=INE&xpgid=ine_indicadores&indOcorrCod=0011655&contexto=bd&selTab=tab2
Proporção de pop. residente em movimentos pendulares,Caminha,Município,2021,20.14,%,População em movimentos pendulares,Mobilidade,Transportes,Movimentos,INE,https://www.ine.pt/xportal/xmain?xpid=INE&xpgid=ine_indicadores&indOcorrCod=0011655&contexto=bd&selTab=tab2
Proporção de pop. residente em movimentos pendulares,Melgaço,Município,2021,10.2,%,População em movimentos pendulares,Mobilidade,Transportes,Movimentos,INE,https://www.ine.pt/xportal/xmain?xpid=INE&xpgid=ine_indicadores&indOcorrCod=0011655&contexto=bd&selTab=tab2
Proporção de pop. residente em movimentos pendulares,Monção,Município,2021,12.6,%,População em movimentos pendulares,Mobilidade,Transportes,Movimentos,INE,https://www.ine.pt/xportal/xmain?xpid=INE&xpgid=ine_indicadores&indOcorrCod=0011655&contexto=bd&selTab=tab2
Proporção de pop. residente em movimentos pendulares,Paredes de Coura,Município,2021,16.58,%,População em movimentos pendulares,Mobilidade,Transportes,Movimentos,INE,https://www.ine.pt/xportal/xmain?xpid=INE&xpgid=ine_indicadores&indOcorrCod=0011655&contexto=bd&selTab=tab2
Proporção de pop. residente em movimentos pendulares,Ponte da Barca,Município,2021,20.79,%,População em movimentos pendulares,Mobilidade,Transportes,Movimentos,INE,https://www.ine.pt/xportal/xmain?xpid=INE&xpgid=ine_indicadores&indOcorrCod=0011655&contexto=bd&selTab=tab2
Proporção de pop. residente em movimentos pendulares,Ponte de Lima,Município,2021,18.64,%,População em movimentos pendulares,Mobilidade,Transportes,Movimentos,INE,https://www.ine.pt/xportal/xmain?xpid=INE&xpgid=ine_indicadores&indOcorrCod=0011655&contexto=bd&selTab=tab2
Proporção de pop. residente em movimentos pendulares,Valença,Município,2021,20.45,%,População em movimentos pendulares,Mobilidade,Transportes,Movimentos,INE,https://www.ine.pt/xportal/xmain?xpid=INE&xpgid=ine_indicadores&indOcorrCod=0011655&contexto=bd&selTab=tab2
Proporção de pop. residente em movimentos pendulares,Viana do Castelo,Município,2021,11.41,%,População em movimentos pendulares,Mobilidade,Transportes,Movimentos,INE,https://www.ine.pt/xportal/xmain?xpid=INE&xpgid=ine_indicadores&indOcorrCod=0011655&contexto=bd&selTab=tab2
Proporção de pop. residente em movimentos pendulares,Vila Nova de Cerveira,Município,2021,17.85,%,População em movimentos pendulares,Mobilidade,Transportes,Movimentos,INE,https://www.ine.pt/xportal/xmain?xpid=INE&xpgid=ine_indicadores&indOcorrCod=0011655&contexto=bd&selTab=tab2
"Despesa das Câmaras Municipais em cultura e desporto: total, correntes e de capital",Alto Minho,NUTS III,2024,32870,mil €,Despesa total,Cultura,Transportes,Movimentos,Pordata,https://www.pordata.pt/municipios/despesa+das+camaras+municipais+em+cultura+e+desporto+total++correntes+e+de+capital-795
"Despesa das Câmaras Municipais em cultura e desporto: total, correntes e de capital",Arcos de Valdevez,Município,2024,5195.8,mil €,Despesa total,Cultura,Transportes,Movimentos,Pordata,https://www.pordata.pt/municipios/despesa+das+camaras+municipais+em+cultura+e+desporto+total++correntes+e+de+capital-795
"Despesa das Câmaras Municipais em cultura e desporto: total, correntes e de capital",Caminha,Município,2024,1839.4,mil €,Despesa total,Cultura,Transportes,Movimentos,Pordata,https://www.pordata.pt/municipios/despesa+das+camaras+municipais+em+cultura+e+desporto+total++correntes+e+de+capital-795
"Despesa das Câmaras Municipais em cultura e desporto: total, correntes e de capital",Melgaço,Município,2024,1381.4,mil €,Despesa total,Cultura,Transportes,Movimentos,Pordata,https://www.pordata.pt/municipios/despesa+das+camaras+municipais+em+cultura+e+desporto+total++correntes+e+de+capital-795
"Despesa das Câmaras Municipais em cultura e desporto: total, correntes e de capital",Monção,Município,2024,3124.2,mil €,Despesa total,Cultura,Transportes,Movimentos,Pordata,https://www.pordata.pt/municipios/despesa+das+camaras+municipais+em+cultura+e+desporto+total++correntes+e+de+capital-795
"Despesa das Câmaras Municipais em cultura e desporto: total, correntes e de capital",Paredes de Coura,Município,2024,2331,mil €,Despesa total,Cultura,Transportes,Movimentos,Pordata,https://www.pordata.pt/municipios/despesa+das+camaras+municipais+em+cultura+e+desporto+total++correntes+e+de+capital-795
"Despesa das Câmaras Municipais em cultura e desporto: total, correntes e de capital",Ponte da Barca,Município,2024,1588.9,mil €,Despesa total,Cultura,Transportes,Movimentos,Pordata,https://www.pordata.pt/municipios/despesa+das+camaras+municipais+em+cultura+e+desporto+total++correntes+e+de+capital-795
"Despesa das Câmaras Municipais em cultura e desporto: total, correntes e de capital",Ponte de Lima,Município,2024,3826.1,mil €,Despesa total,Cultura,Transportes,Movimentos,Pordata,https://www.pordata.pt/municipios/despesa+das+camaras+municipais+em+cultura+e+desporto+total++correntes+e+de+capital-795
"Despesa das Câmaras Municipais em cultura e desporto: total, correntes e de capital",Valença,Município,2024,4962.7,mil €,Despesa total,Cultura,Transportes,Movimentos,Pordata,https://www.pordata.pt/municipios/despesa+das+camaras+municipais+em+cultura+e+desporto+total++correntes+e+de+capital-795
"Despesa das Câmaras Municipais em cultura e desporto: total, correntes e de capital",Viana do Castelo,Município,2024,6165.4,mil €,Despesa total,Cultura,Transportes,Movimentos,Pordata,https://www.pordata.pt/municipios/despesa+das+camaras+municipais+em+cultura+e+desporto+total++correntes+e+de+capital-795
"Despesa das Câmaras Municipais em cultura e desporto: total, correntes e de capital",Vila Nova de Cerveira,Município,2024,2455.1,mil €,Despesa total,Cultura,Transportes,Movimentos,Pordata,https://www.pordata.pt/municipios/despesa+das+camaras+municipais+em+cultura+e+desporto+total++correntes+e+de+capital-795
Poder de compra per capita,Alto Minho,NUTS III,2023,82.3,índice,Portugal = 100,Condições de vida,Transportes,Movimentos,Pordata,https://www.pordata.pt/municipios/poder+de+compra+per+capita-118
Poder de compra per capita,Arcos de Valdevez,Município,2023,72.5,índice,Portugal = 100,Condições de vida,Transportes,Movimentos,Pordata,https://www.pordata.pt/municipios/poder+de+compra+per+capita-118
Poder de compra per capita,Caminha,Município,2023,82.1,índice,Portugal = 100,Condições de vida,Transportes,Movimentos,Pordata,https://www.pordata.pt/municipios/poder+de+compra+per+capita-118
Poder de compra per capita,Melgaço,Município,2023,64.9,índice,Portugal = 100,Condições de vida,Transportes,Movimentos,Pordata,https://www.pordata.pt/municipios/poder+de+compra+per+capita-118
Poder de compra per capita,Monção,Município,2023,75.8,índice,Portugal = 100,Condições de vida,Transportes,Movimentos,Pordata,https://www.pordata.pt/municipios/poder+de+compra+per+capita-118
Poder de compra per capita,Paredes de Coura,Município,2023,69.8,índice,Portugal = 100,Condições de vida,Transportes,Movimentos,Pordata,https://www.pordata.pt/municipios/poder+de+compra+per+capita-118
Poder de compra per capita,Ponte da Barca,Município,2023,67.4,índice,Portugal = 100,Condições de vida,Transportes,Movimentos,Pordata,https://www.pordata.pt/municipios/poder+de+compra+per+capita-118
Poder de compra per capita,Ponte de Lima,Município,2023,78.1,índice,Portugal = 100,Condições de vida,Transportes,Movimentos,Pordata,https://www.pordata.pt/municipios/poder+de+compra+per+capita-118
Poder de compra per capita,Valença,Município,2023,84.7,índice,Portugal = 100,Condições de vida,Transportes,Movimentos,Pordata,https://www.pordata.pt/municipios/poder+de+compra+per+capita-118
Poder de compra per capita,Viana do Castelo,Município,2023,92.4,índice,Portugal = 100,Condições de vida,Transportes,Movimentos,Pordata,https://www.pordata.pt/municipios/poder+de+compra+per+capita-118
Poder de compra per capita,Vila Nova de Cerveira,Município,2023,82.6,índice,Portugal = 100,Condições de vida,Transportes,Movimentos,Pordata,https://www.pordata.pt/municipios/poder+de+compra+per+capita-118
Crimes registados pelas polícias por mil habitantes,Alto Minho,NUTS III,2025,29.7,‰,Crimes por mil habitantes,Segurança,Transportes,Movimentos,Pordata,https://www.pordata.pt/municipios/crimes+registados+pelas+policias+por+mil+habitantes-995
Crimes registados pelas polícias por mil habitantes,Arcos de Valdevez,Município,2025,32.6,‰,Crimes por mil habitantes,Segurança,Transportes,Movimentos,Pordata,https://www.pordata.pt/municipios/crimes+registados+pelas+policias+por+mil+habitantes-995
Crimes registados pelas polícias por mil habitantes,Caminha,Município,2025,33.9,‰,Crimes por mil habitantes,Segurança,Transportes,Movimentos,Pordata,https://www.pordata.pt/municipios/crimes+registados+pelas+policias+por+mil+habitantes-995
Crimes registados pelas polícias por mil habitantes,Melgaço,Município,2025,37.4,‰,Crimes por mil habitantes,Segurança,Transportes,Movimentos,Pordata,https://www.pordata.pt/municipios/crimes+registados+pelas+policias+por+mil+habitantes-995
Crimes registados pelas polícias por mil habitantes,Monção,Município,2025,20.6,‰,Crimes por mil habitantes,Segurança,Transportes,Movimentos,Pordata,https://www.pordata.pt/municipios/crimes+registados+pelas+policias+por+mil+habitantes-995
Crimes registados pelas polícias por mil habitantes,Paredes de Coura,Município,2025,25.7,‰,Crimes por mil habitantes,Segurança,Transportes,Movimentos,Pordata,https://www.pordata.pt/municipios/crimes+registados+pelas+policias+por+mil+habitantes-995
Crimes registados pelas polícias por mil habitantes,Ponte da Barca,Município,2025,31.6,‰,Crimes por mil habitantes,Segurança,Transportes,Movimentos,Pordata,https://www.pordata.pt/municipios/crimes+registados+pelas+policias+por+mil+habitantes-995
Crimes registados pelas polícias por mil habitantes,Ponte de Lima,Município,2025,23.2,‰,Crimes por mil habitantes,Segurança,Transportes,Movimentos,Pordata,https://www.pordata.pt/municipios/crimes+registados+pelas+policias+por+mil+habitantes-995
Crimes registados pelas polícias por mil habitantes,Valença,Município,2025,38.8,‰,Crimes por mil habitantes,Segurança,Transportes,Movimentos,Pordata,https://www.pordata.pt/municipios/crimes+registados+pelas+policias+por+mil+habitantes-995
Crimes registados pelas polícias por mil habitantes,Viana do Castelo,Município,2025,26.4,‰,Crimes por mil habitantes,Segurança,Transportes,Movimentos,Pordata,https://www.pordata.pt/municipios/crimes+registados+pelas+policias+por+mil+habitantes-995
Crimes registados pelas polícias por mil habitantes,Vila Nova de Cerveira,Município,2025,49.9,‰,Crimes por mil habitantes,Segurança,Transportes,Movimentos,Pordata,https://www.pordata.pt/municipios/crimes+registados+pelas+policias+por+mil+habitantes-995
